name,date,year,month,doy,LAI,FAPAR,LST
ALICE_SPRINGS_AIRPORT_AS,2000-02-18,2000,2,48,0.48048237911251623,0.26121063107364484,
ALICE_SPRINGS_AIRPORT_AS,2000-02-26,2000,2,56,0.9398261287102458,0.43501598453354234,
ALICE_SPRINGS_AIRPORT_AS,2000-03-05,2000,3,64,0.9187619252201817,0.4316367404187568,
ALICE_SPRINGS_AIRPORT_AS,2000-03-13,2000,3,72,0.8749649859943983,0.4157844483947422,
ALICE_SPRINGS_AIRPORT_AS,2000-03-21,2000,3,80,0.7444650011483384,0.3728002909128025,
ALICE_SPRINGS_AIRPORT_AS,2000-03-29,2000,3,88,0.6509235909317819,0.33282287279663086,
ALICE_SPRINGS_AIRPORT_AS,2000-04-06,2000,4,96,0.5627478234498791,0.3217015630725679,
ALICE_SPRINGS_AIRPORT_AS,2000-04-14,2000,4,104,0.3683646112600537,0.20081918379505517,
ALICE_SPRINGS_AIRPORT_AS,2000-04-22,2000,4,112,0.3178987308648437,0.20762266125866816,
ALICE_SPRINGS_AIRPORT_AS,2000-04-30,2000,4,120,0.5171680340322093,0.3009397170147831,
ALICE_SPRINGS_AIRPORT_AS,2000-05-08,2000,5,128,0.5723246439808437,0.32929718596393703,
ALICE_SPRINGS_AIRPORT_AS,2000-05-16,2000,5,136,0.49672307279075967,0.32209444508397034,
ALICE_SPRINGS_AIRPORT_AS,2000-05-24,2000,5,144,0.43136605824013385,0.32434651297742173,
ALICE_SPRINGS_AIRPORT_AS,2000-06-01,2000,6,152,0.37032815678742387,0.2957182931298099,
ALICE_SPRINGS_AIRPORT_AS,2000-06-09,2000,6,160,0.30619773479879875,0.2507107423108143,
ALICE_SPRINGS_AIRPORT_AS,2000-06-17,2000,6,168,0.30363411213181846,0.24572802284587866,
ALICE_SPRINGS_AIRPORT_AS,2000-06-25,2000,6,176,0.32544876135477985,0.25958784224042114,
ALICE_SPRINGS_AIRPORT_AS,2000-07-03,2000,7,184,0.33299637346946476,0.2536480117262032,
ALICE_SPRINGS_AIRPORT_AS,2000-07-11,2000,7,192,0.3577288062775619,0.27560381101606013,
ALICE_SPRINGS_AIRPORT_AS,2000-07-19,2000,7,200,0.379311085558321,0.2830294797760902,
ALICE_SPRINGS_AIRPORT_AS,2000-07-27,2000,7,208,0.3746054410594012,0.28644410467658143,
ALICE_SPRINGS_AIRPORT_AS,2000-08-04,2000,8,216,0.4054600171969046,0.25569483081280675,
ALICE_SPRINGS_AIRPORT_AS,2000-08-12,2000,8,224,0.41781043480458413,0.2574441173125764,
ALICE_SPRINGS_AIRPORT_AS,2000-08-20,2000,8,232,0.4423975536713883,0.271321345986176,
ALICE_SPRINGS_AIRPORT_AS,2000-08-28,2000,8,240,0.4679867069333703,0.28783937123289377,
ALICE_SPRINGS_AIRPORT_AS,2000-09-05,2000,9,248,0.44017235497036855,0.2623492841708889,
ALICE_SPRINGS_AIRPORT_AS,2000-09-13,2000,9,256,0.46833798759145306,0.28317365647784254,
ALICE_SPRINGS_AIRPORT_AS,2000-09-21,2000,9,264,0.45305004817199995,0.2405447238983822,
ALICE_SPRINGS_AIRPORT_AS,2000-09-29,2000,9,272,0.47015464312144367,0.24629685865210413,
ALICE_SPRINGS_AIRPORT_AS,2000-10-07,2000,10,280,0.404861067236129,0.21545495899619654,
ALICE_SPRINGS_AIRPORT_AS,2000-10-15,2000,10,288,0.4133525176208105,0.222028801784899,
ALICE_SPRINGS_AIRPORT_AS,2000-10-23,2000,10,296,0.38586537611038757,0.1982759448565185,
ALICE_SPRINGS_AIRPORT_AS,2000-10-31,2000,10,304,0.3771724387983928,0.1934969852417849,
ALICE_SPRINGS_AIRPORT_AS,2000-11-08,2000,11,312,0.3743163838933683,0.19424541500267078,
ALICE_SPRINGS_AIRPORT_AS,2000-11-16,2000,11,320,0.47325237565709677,0.2326834816012937,
ALICE_SPRINGS_AIRPORT_AS,2000-11-24,2000,11,328,0.4893916801455732,0.24647012737565727,
ALICE_SPRINGS_AIRPORT_AS,2000-12-02,2000,12,336,0.4181885671863397,0.21969728387476622,
ALICE_SPRINGS_AIRPORT_AS,2000-12-10,2000,12,344,0.4358341167591327,0.2146960528580697,
ALICE_SPRINGS_AIRPORT_AS,2000-12-18,2000,12,352,0.4458332805071319,0.23407023771790775,
ALICE_SPRINGS_AIRPORT_AS,2000-12-26,2000,12,360,0.44621684128047345,0.23416646656640575,
ALICE_SPRINGS_AIRPORT_AS,2001-01-01,2001,1,0,0.38952584175524896,0.21198395035869477,
ALICE_SPRINGS_AIRPORT_AS,2001-01-09,2001,1,8,0.340843104050053,0.1871246299623823,
ALICE_SPRINGS_AIRPORT_AS,2001-01-17,2001,1,16,0.318970163880873,0.17631662764741116,
ALICE_SPRINGS_AIRPORT_AS,2001-01-25,2001,1,24,0.31457908421429515,0.15649862211773502,
ALICE_SPRINGS_AIRPORT_AS,2001-02-02,2001,2,32,0.7376744126887197,0.34905432390837093,
ALICE_SPRINGS_AIRPORT_AS,2001-02-10,2001,2,40,0.7873828259511015,0.3851672639620449,
ALICE_SPRINGS_AIRPORT_AS,2001-02-18,2001,2,48,0.7861977293742928,0.38890026199527394,
ALICE_SPRINGS_AIRPORT_AS,2001-02-26,2001,2,56,0.6868749921025014,0.33859146564904746,
ALICE_SPRINGS_AIRPORT_AS,2001-03-06,2001,3,64,0.8868743978500045,0.4379126312053146,
ALICE_SPRINGS_AIRPORT_AS,2001-03-14,2001,3,72,0.9579603018711879,0.42854672800578925,
ALICE_SPRINGS_AIRPORT_AS,2001-03-22,2001,3,80,0.9009957163977272,0.45145693021139977,
ALICE_SPRINGS_AIRPORT_AS,2001-03-30,2001,3,88,0.8842239603735175,0.45709321573434003,
ALICE_SPRINGS_AIRPORT_AS,2001-04-07,2001,4,96,0.8439214546557304,0.44735932978683096,
ALICE_SPRINGS_AIRPORT_AS,2001-04-15,2001,4,104,0.7674130327651325,0.42043707906341965,
ALICE_SPRINGS_AIRPORT_AS,2001-04-23,2001,4,112,0.6958983560570625,0.3872940016932231,
ALICE_SPRINGS_AIRPORT_AS,2001-05-01,2001,5,120,0.6200937590821202,0.35984205006381154,
ALICE_SPRINGS_AIRPORT_AS,2001-05-09,2001,5,128,0.5408875522814286,0.34177699996209154,
ALICE_SPRINGS_AIRPORT_AS,2001-05-17,2001,5,136,0.5336509811979857,0.32719819171889436,
ALICE_SPRINGS_AIRPORT_AS,2001-05-25,2001,5,144,0.38191109296450326,0.28980465460484356,
ALICE_SPRINGS_AIRPORT_AS,2001-06-02,2001,6,152,0.39073597171374097,0.24215042387627533,
ALICE_SPRINGS_AIRPORT_AS,2001-06-10,2001,6,160,0.2588197126525567,0.21593712343581026,
ALICE_SPRINGS_AIRPORT_AS,2001-07-04,2001,7,184,0.24384099165303275,0.19480990543800758,
ALICE_SPRINGS_AIRPORT_AS,2001-07-12,2001,7,192,0.18156786689463386,0.15316048689616457,
ALICE_SPRINGS_AIRPORT_AS,2001-07-20,2001,7,200,0.20181737819146228,0.15561450262596874,
ALICE_SPRINGS_AIRPORT_AS,2001-07-28,2001,7,208,0.25740406120875964,0.17698404073844767,
ALICE_SPRINGS_AIRPORT_AS,2001-08-05,2001,8,216,0.2672171748442616,0.16875775534186693,
ALICE_SPRINGS_AIRPORT_AS,2001-08-13,2001,8,224,0.2799276255004618,0.17807463299455933,
ALICE_SPRINGS_AIRPORT_AS,2001-08-21,2001,8,232,0.2763492083549198,0.1768157292864456,
ALICE_SPRINGS_AIRPORT_AS,2001-08-29,2001,8,240,0.29226274019445164,0.1813586138260139,
ALICE_SPRINGS_AIRPORT_AS,2001-09-06,2001,9,248,0.23727498605547442,0.14771575984990604,
ALICE_SPRINGS_AIRPORT_AS,2001-09-14,2001,9,256,0.3002312387065787,0.17448577818774572,
ALICE_SPRINGS_AIRPORT_AS,2001-09-22,2001,9,264,0.3318898213786948,0.17380877013313462,
ALICE_SPRINGS_AIRPORT_AS,2001-09-30,2001,9,272,0.3097235351246351,0.16855280025898345,
ALICE_SPRINGS_AIRPORT_AS,2001-10-08,2001,10,280,0.27414653316474685,0.14933226258415055,
ALICE_SPRINGS_AIRPORT_AS,2001-10-16,2001,10,288,0.3484001825465232,0.1834004360833627,
ALICE_SPRINGS_AIRPORT_AS,2001-10-24,2001,10,296,0.36348690861302024,0.19392324605741984,
ALICE_SPRINGS_AIRPORT_AS,2001-11-01,2001,11,304,0.3640555499393444,0.1900491558835423,
ALICE_SPRINGS_AIRPORT_AS,2001-11-09,2001,11,312,0.4215412426352432,0.21727611140867656,
ALICE_SPRINGS_AIRPORT_AS,2001-11-17,2001,11,320,0.4782185099069958,0.24000492822482783,
ALICE_SPRINGS_AIRPORT_AS,2001-11-25,2001,11,328,0.49775955317428283,0.2520583552365545,
ALICE_SPRINGS_AIRPORT_AS,2001-12-03,2001,12,336,0.4741678495159908,0.23720003580516866,
ALICE_SPRINGS_AIRPORT_AS,2001-12-11,2001,12,344,0.6150862987428078,0.2600926202145038,
ALICE_SPRINGS_AIRPORT_AS,2001-12-19,2001,12,352,0.7709479697195629,0.3630401759197241,
ALICE_SPRINGS_AIRPORT_AS,2001-12-27,2001,12,360,0.771717466274468,0.3623791713155489,
ALICE_SPRINGS_AIRPORT_AS,2002-01-01,2002,1,0,0.7282685870777953,0.3522028096155797,
ALICE_SPRINGS_AIRPORT_AS,2002-01-09,2002,1,8,0.6817377926594349,0.3317871779291801,
ALICE_SPRINGS_AIRPORT_AS,2002-01-17,2002,1,16,0.5312424181156493,0.274612944803882,
ALICE_SPRINGS_AIRPORT_AS,2002-01-25,2002,1,24,0.4803915284223486,0.25235263198379504,
ALICE_SPRINGS_AIRPORT_AS,2002-02-02,2002,2,32,0.40170462165714416,0.22517287626404867,
ALICE_SPRINGS_AIRPORT_AS,2002-02-10,2002,2,40,0.3438856028269973,0.22196699302116416,
ALICE_SPRINGS_AIRPORT_AS,2002-02-18,2002,2,48,0.29991755976916656,0.19645982086715966,
ALICE_SPRINGS_AIRPORT_AS,2002-02-26,2002,2,56,0.5334478196712975,0.30246018419579684,
ALICE_SPRINGS_AIRPORT_AS,2002-03-06,2002,3,64,0.477630498237279,0.2793371157078051,
ALICE_SPRINGS_AIRPORT_AS,2002-03-14,2002,3,72,0.39930831289041685,0.2558154826635642,
ALICE_SPRINGS_AIRPORT_AS,2002-03-22,2002,3,80,,,
ALICE_SPRINGS_AIRPORT_AS,2002-03-30,2002,3,88,0.3293887969269248,0.20636083347022308,
ALICE_SPRINGS_AIRPORT_AS,2002-04-07,2002,4,96,0.28584894931702454,0.1851485361199912,
ALICE_SPRINGS_AIRPORT_AS,2002-04-15,2002,4,104,0.3059389176006765,0.1914924373570552,
ALICE_SPRINGS_AIRPORT_AS,2002-04-23,2002,4,112,0.297623169360239,0.18675469743110218,
ALICE_SPRINGS_AIRPORT_AS,2002-05-01,2002,5,120,0.29218590075689554,0.1889835605706413,
ALICE_SPRINGS_AIRPORT_AS,2002-05-09,2002,5,128,0.27565801943415985,0.1842119561783698,
ALICE_SPRINGS_AIRPORT_AS,2002-05-17,2002,5,136,0.2761942437645107,0.17625948455881416,
ALICE_SPRINGS_AIRPORT_AS,2002-05-25,2002,5,144,0.25295493923183,0.19340238519811276,
ALICE_SPRINGS_AIRPORT_AS,2002-06-02,2002,6,152,0.23994277539341952,0.17886472738833245,
ALICE_SPRINGS_AIRPORT_AS,2002-06-10,2002,6,160,0.226666393319393,0.1726941107329806,
ALICE_SPRINGS_AIRPORT_AS,2002-06-18,2002,6,168,0.2306059146790556,0.18370687213189027,
ALICE_SPRINGS_AIRPORT_AS,2002-06-26,2002,6,176,0.21423568936555162,0.1743761467889906,
ALICE_SPRINGS_AIRPORT_AS,2002-07-04,2002,7,184,0.21813265267440887,0.17241676038362883,
ALICE_SPRINGS_AIRPORT_AS,2002-07-12,2002,7,192,0.2095368486934759,0.16521514629948358,
ALICE_SPRINGS_AIRPORT_AS,2002-07-20,2002,7,200,0.22332731017576724,0.16387899771288475,
ALICE_SPRINGS_AIRPORT_AS,2002-07-28,2002,7,208,0.23636398104265458,0.15329314375987366,
ALICE_SPRINGS_AIRPORT_AS,2002-08-05,2002,8,216,0.23962295714837278,0.15425852528632103,
ALICE_SPRINGS_AIRPORT_AS,2002-08-13,2002,8,224,0.2368128688809171,0.1544368578739601,
ALICE_SPRINGS_AIRPORT_AS,2002-08-21,2002,8,232,0.24083700830184926,0.155206029896764,
ALICE_SPRINGS_AIRPORT_AS,2002-08-29,2002,8,240,0.23523673536435938,0.15353833129051422,
ALICE_SPRINGS_AIRPORT_AS,2002-09-06,2002,9,248,0.24396062623990733,0.15841961611847505,
ALICE_SPRINGS_AIRPORT_AS,2002-09-14,2002,9,256,0.2433414624900499,0.15301014670390053,
ALICE_SPRINGS_AIRPORT_AS,2002-09-22,2002,9,264,0.24380773070167724,0.14006772893263747,
ALICE_SPRINGS_AIRPORT_AS,2002-09-30,2002,9,272,0.23441918649464924,0.1382514310264218,
ALICE_SPRINGS_AIRPORT_AS,2002-10-08,2002,10,280,0.25787159301987683,0.14059313360037412,
ALICE_SPRINGS_AIRPORT_AS,2002-10-16,2002,10,288,0.25862944532811916,0.14186700132794364,
ALICE_SPRINGS_AIRPORT_AS,2002-10-24,2002,10,296,0.2303240505040226,0.13303876896446376,
ALICE_SPRINGS_AIRPORT_AS,2002-11-01,2002,11,304,0.2444589061868185,0.1406305600485241,
ALICE_SPRINGS_AIRPORT_AS,2002-11-09,2002,11,312,0.2592145167812378,0.14221934391427427,
ALICE_SPRINGS_AIRPORT_AS,2002-11-17,2002,11,320,0.22013172310122614,0.1266362200310836,
ALICE_SPRINGS_AIRPORT_AS,2002-11-25,2002,11,328,0.3277886224205236,0.17181412564011578,
ALICE_SPRINGS_AIRPORT_AS,2002-12-03,2002,12,336,0.5967702397048231,0.3048942999027026,
ALICE_SPRINGS_AIRPORT_AS,2002-12-11,2002,12,344,0.6853931022280628,0.32574746925828124,
ALICE_SPRINGS_AIRPORT_AS,2002-12-19,2002,12,352,0.4499285958016865,0.23879636533673718,
ALICE_SPRINGS_AIRPORT_AS,2002-12-27,2002,12,360,0.4013964891882676,0.22769699344092392,
ALICE_SPRINGS_AIRPORT_AS,2003-01-01,2003,1,0,0.3364414169626032,0.19193878195811798,
ALICE_SPRINGS_AIRPORT_AS,2003-01-09,2003,1,8,0.30385145124401297,0.17098573396176336,
ALICE_SPRINGS_AIRPORT_AS,2003-01-17,2003,1,16,0.28457007324002387,0.15716631480178292,
ALICE_SPRINGS_AIRPORT_AS,2003-01-25,2003,1,24,0.2939948531044658,0.17330877454246188,
ALICE_SPRINGS_AIRPORT_AS,2003-02-02,2003,2,32,0.37556726201533885,0.2093158355669966,
ALICE_SPRINGS_AIRPORT_AS,2003-02-10,2003,2,40,0.31151012774990794,0.17951123971745905,
ALICE_SPRINGS_AIRPORT_AS,2003-02-18,2003,2,48,0.45674641318665654,0.231263483926092,
ALICE_SPRINGS_AIRPORT_AS,2003-02-26,2003,2,56,0.5665702989482898,0.30766029597912203,
ALICE_SPRINGS_AIRPORT_AS,2003-03-06,2003,3,64,0.47685717534970135,0.28756630738321237,
ALICE_SPRINGS_AIRPORT_AS,2003-03-14,2003,3,72,0.32561568885126096,0.20808918485196898,
ALICE_SPRINGS_AIRPORT_AS,2003-03-22,2003,3,80,0.2862255019648968,0.18495015100013867,
ALICE_SPRINGS_AIRPORT_AS,2003-03-30,2003,3,88,0.2701638888537889,0.17696470766625771,
ALICE_SPRINGS_AIRPORT_AS,2003-04-07,2003,4,96,0.24622706089887092,0.16036162818251193,
ALICE_SPRINGS_AIRPORT_AS,2003-04-15,2003,4,104,0.2720630788865159,0.17425479220106396,
ALICE_SPRINGS_AIRPORT_AS,2003-04-23,2003,4,112,0.2611594788915709,0.16775294102781177,
ALICE_SPRINGS_AIRPORT_AS,2003-05-01,2003,5,120,0.25094587390948225,0.16982850753448703,
ALICE_SPRINGS_AIRPORT_AS,2003-05-09,2003,5,128,0.2512672499323534,0.16365408651058513,
ALICE_SPRINGS_AIRPORT_AS,2003-05-17,2003,5,136,0.25276791468176263,0.16965630093885445,
ALICE_SPRINGS_AIRPORT_AS,2003-05-25,2003,5,144,0.22497456005861413,0.16381938320014106,
ALICE_SPRINGS_AIRPORT_AS,2003-06-02,2003,6,152,0.21627389782534603,0.17668444129948538,
ALICE_SPRINGS_AIRPORT_AS,2003-06-10,2003,6,160,0.21219527695162613,0.1589993390782684,
ALICE_SPRINGS_AIRPORT_AS,2003-06-18,2003,6,168,0.20337507423647064,0.16691277372723937,
ALICE_SPRINGS_AIRPORT_AS,2003-06-26,2003,6,176,0.2165847432997644,0.1592817700501648,
ALICE_SPRINGS_AIRPORT_AS,2003-07-04,2003,7,184,0.19826557818641635,0.15324798658640507,
ALICE_SPRINGS_AIRPORT_AS,2003-07-12,2003,7,192,0.20003411718621722,0.14520982069523244,
ALICE_SPRINGS_AIRPORT_AS,2003-07-20,2003,7,200,0.20485396011177961,0.14512970689941182,
ALICE_SPRINGS_AIRPORT_AS,2003-07-28,2003,7,208,0.20898910758647105,0.14397783298299266,
ALICE_SPRINGS_AIRPORT_AS,2003-08-05,2003,8,216,0.21901458031976914,0.14486654975102098,
ALICE_SPRINGS_AIRPORT_AS,2003-08-13,2003,8,224,0.2190947079195173,0.14274879074959235,
ALICE_SPRINGS_AIRPORT_AS,2003-08-21,2003,8,232,0.2149472643375088,0.14172328989402172,
ALICE_SPRINGS_AIRPORT_AS,2003-08-29,2003,8,240,0.22489670074173354,0.1455483389984711,
ALICE_SPRINGS_AIRPORT_AS,2003-09-06,2003,9,248,0.2243584073592041,0.14437154879389447,
ALICE_SPRINGS_AIRPORT_AS,2003-09-14,2003,9,256,0.2260844842618691,0.13657602446328607,
ALICE_SPRINGS_AIRPORT_AS,2003-09-22,2003,9,264,0.21993707274542323,0.12967045325313697,
ALICE_SPRINGS_AIRPORT_AS,2003-09-30,2003,9,272,0.23621970920840119,0.13195722132471743,
ALICE_SPRINGS_AIRPORT_AS,2003-10-08,2003,10,280,0.23640177409368388,0.13239793275123524,
ALICE_SPRINGS_AIRPORT_AS,2003-10-16,2003,10,288,0.23146489088818478,0.13099040927987468,
ALICE_SPRINGS_AIRPORT_AS,2003-10-24,2003,10,296,0.23118077669656661,0.1325941056317479,
ALICE_SPRINGS_AIRPORT_AS,2003-11-01,2003,11,304,0.2287884803726946,0.1300529394637231,
ALICE_SPRINGS_AIRPORT_AS,2003-11-09,2003,11,312,0.2300226878081556,0.13266537384184435,
ALICE_SPRINGS_AIRPORT_AS,2003-11-17,2003,11,320,0.2255869041632487,0.1257589392054629,
ALICE_SPRINGS_AIRPORT_AS,2003-11-25,2003,11,328,0.22865545879154214,0.1310852974035241,
ALICE_SPRINGS_AIRPORT_AS,2003-12-03,2003,12,336,0.22472864009924093,0.12816896676487308,
ALICE_SPRINGS_AIRPORT_AS,2003-12-11,2003,12,344,0.22798253564999896,0.13074414982573962,
ALICE_SPRINGS_AIRPORT_AS,2003-12-19,2003,12,352,,,
ALICE_SPRINGS_AIRPORT_AS,2003-12-27,2003,12,360,0.2417102320102713,0.1384853818971107,
ALICE_SPRINGS_AIRPORT_AS,2004-01-01,2004,1,0,0.24073673632929343,0.1377939885775341,
ALICE_SPRINGS_AIRPORT_AS,2004-01-09,2004,1,8,0.25483092397897367,0.14302403457339286,
ALICE_SPRINGS_AIRPORT_AS,2004-01-17,2004,1,16,0.2403103517994345,0.13511271734735159,
ALICE_SPRINGS_AIRPORT_AS,2004-01-25,2004,1,24,0.22150854225636965,0.12802656186817646,
ALICE_SPRINGS_AIRPORT_AS,2004-02-02,2004,2,32,0.24998781742379161,0.14881842546970597,
ALICE_SPRINGS_AIRPORT_AS,2004-02-10,2004,2,40,0.2543473776494255,0.14593419627662338,
ALICE_SPRINGS_AIRPORT_AS,2004-02-18,2004,2,48,0.29473313597562745,0.16044750380823736,
ALICE_SPRINGS_AIRPORT_AS,2004-02-26,2004,2,56,0.3692408996177002,0.20629259311350054,
ALICE_SPRINGS_AIRPORT_AS,2004-03-05,2004,3,64,0.31668902152773093,0.17736503252632296,
ALICE_SPRINGS_AIRPORT_AS,2004-03-13,2004,3,72,0.2677671245151628,0.16556151512436135,
ALICE_SPRINGS_AIRPORT_AS,2004-03-21,2004,3,80,0.2507914914667329,0.1624938851787725,
ALICE_SPRINGS_AIRPORT_AS,2004-03-29,2004,3,88,0.287109043193833,0.19150702993267968,
ALICE_SPRINGS_AIRPORT_AS,2004-04-06,2004,4,96,0.3094807869697618,0.19725407194935485,
ALICE_SPRINGS_AIRPORT_AS,2004-04-14,2004,4,104,0.24944464802436228,0.1651364055648919,
ALICE_SPRINGS_AIRPORT_AS,2004-04-22,2004,4,112,0.2533859223300968,0.16584371628910455,
ALICE_SPRINGS_AIRPORT_AS,2004-04-30,2004,4,120,0.2351223934723483,0.15334218365496688,
ALICE_SPRINGS_AIRPORT_AS,2004-05-08,2004,5,128,0.23169739319425373,0.14943757186722104,
ALICE_SPRINGS_AIRPORT_AS,2004-05-16,2004,5,136,0.21836184332284636,0.1460286069322899,
ALICE_SPRINGS_AIRPORT_AS,2004-05-24,2004,5,144,0.2,0.11571428571428573,
ALICE_SPRINGS_AIRPORT_AS,2004-06-01,2004,6,152,0.27075612469139093,0.2306207439160045,
ALICE_SPRINGS_AIRPORT_AS,2004-06-09,2004,6,160,0.3601527906849603,0.3038077406658288,
ALICE_SPRINGS_AIRPORT_AS,2004-06-17,2004,6,168,0.3667850238188498,0.30553974652194243,
ALICE_SPRINGS_AIRPORT_AS,2004-06-25,2004,6,176,0.2955339485827283,0.24832348765275572,
ALICE_SPRINGS_AIRPORT_AS,2004-07-03,2004,7,184,0.24581157142132756,0.20456594493179825,
ALICE_SPRINGS_AIRPORT_AS,2004-07-11,2004,7,192,0.2954560459092981,0.2388961962317808,
ALICE_SPRINGS_AIRPORT_AS,2004-07-19,2004,7,200,0.2791833914588404,0.2352230703428306,
ALICE_SPRINGS_AIRPORT_AS,2004-07-27,2004,7,208,0.29878465260974746,0.22440428620808855,
ALICE_SPRINGS_AIRPORT_AS,2004-08-04,2004,8,216,0.3123055915887208,0.22942022257117456,
ALICE_SPRINGS_AIRPORT_AS,2004-08-12,2004,8,224,0.3232502306069059,0.20432517469262942,
ALICE_SPRINGS_AIRPORT_AS,2004-08-20,2004,8,232,0.29849491633976377,0.18738438342273084,
ALICE_SPRINGS_AIRPORT_AS,2004-08-28,2004,8,240,0.2869889137510168,0.1787324552481691,
ALICE_SPRINGS_AIRPORT_AS,2004-09-05,2004,9,248,0.25436961607997494,0.1658057268956712,
ALICE_SPRINGS_AIRPORT_AS,2004-09-13,2004,9,256,0.2560772817447784,0.16588091838410865,
ALICE_SPRINGS_AIRPORT_AS,2004-09-21,2004,9,264,0.26121760446808795,0.14859563552736327,
ALICE_SPRINGS_AIRPORT_AS,2004-09-29,2004,9,272,0.2573080276475568,0.14477349979150614,
ALICE_SPRINGS_AIRPORT_AS,2004-10-07,2004,10,280,0.24347287683695784,0.13939334588508823,
ALICE_SPRINGS_AIRPORT_AS,2004-10-15,2004,10,288,0.25295010311417804,0.14160858117485317,
ALICE_SPRINGS_AIRPORT_AS,2004-10-23,2004,10,296,0.23900546991546506,0.13367876678269522,
ALICE_SPRINGS_AIRPORT_AS,2004-10-31,2004,10,304,0.24939437859102465,0.1394220715357938,
ALICE_SPRINGS_AIRPORT_AS,2004-11-08,2004,11,312,0.23029594621916744,0.13230881014961582,
ALICE_SPRINGS_AIRPORT_AS,2004-11-16,2004,11,320,0.23947255357864977,0.1357861150424587,
ALICE_SPRINGS_AIRPORT_AS,2004-11-24,2004,11,328,0.23597225030327618,0.1373316821674081,
ALICE_SPRINGS_AIRPORT_AS,2004-12-02,2004,12,336,0.2375219583707209,0.13375623996865793,
ALICE_SPRINGS_AIRPORT_AS,2004-12-10,2004,12,344,0.24121854739848664,0.14083347024403797,
ALICE_SPRINGS_AIRPORT_AS,2004-12-18,2004,12,352,0.2389620236616778,0.13700385646120675,
ALICE_SPRINGS_AIRPORT_AS,2004-12-26,2004,12,360,0.22960871202247496,0.13196628725345388,
ALICE_SPRINGS_AIRPORT_AS,2005-01-01,2005,1,0,0.2223171765933859,0.13369260878074235,
ALICE_SPRINGS_AIRPORT_AS,2005-01-09,2005,1,8,0.2394410020477094,0.1360419381432333,
ALICE_SPRINGS_AIRPORT_AS,2005-01-17,2005,1,16,0.23001668014557294,0.1362968813182372,
ALICE_SPRINGS_AIRPORT_AS,2005-01-25,2005,1,24,0.24265315406389057,0.1392298069146787,
ALICE_SPRINGS_AIRPORT_AS,2005-02-02,2005,2,32,0.22609431864132676,0.13638735847149222,
ALICE_SPRINGS_AIRPORT_AS,2005-02-10,2005,2,40,0.2305689988501252,0.13769266733216234,
ALICE_SPRINGS_AIRPORT_AS,2005-02-18,2005,2,48,0.22431039057860286,0.13572145212853337,
ALICE_SPRINGS_AIRPORT_AS,2005-02-26,2005,2,56,0.22867349013759947,0.13475794753609427,
ALICE_SPRINGS_AIRPORT_AS,2005-03-06,2005,3,64,0.23171108536114374,0.13637980212140127,
ALICE_SPRINGS_AIRPORT_AS,2005-03-14,2005,3,72,0.23008696536642495,0.1445237247622437,
ALICE_SPRINGS_AIRPORT_AS,2005-03-22,2005,3,80,0.2324631344848942,0.15346251532114358,
ALICE_SPRINGS_AIRPORT_AS,2005-03-30,2005,3,88,0.2207773664059447,0.1485696053778794,
ALICE_SPRINGS_AIRPORT_AS,2005-04-07,2005,4,96,0.22851767449255445,0.15045802639249561,
ALICE_SPRINGS_AIRPORT_AS,2005-04-15,2005,4,104,0.2284088027990471,0.1500599614624005,
ALICE_SPRINGS_AIRPORT_AS,2005-04-23,2005,4,112,0.22870940311956706,0.15144632137372607,
ALICE_SPRINGS_AIRPORT_AS,2005-05-01,2005,5,120,0.22157068527168486,0.1443827233489031,
ALICE_SPRINGS_AIRPORT_AS,2005-05-09,2005,5,128,0.2218861463832219,0.15173465284893453,
ALICE_SPRINGS_AIRPORT_AS,2005-05-17,2005,5,136,0.22397248805368494,0.14690039799585272,
ALICE_SPRINGS_AIRPORT_AS,2005-05-25,2005,5,144,0.20919500006998837,0.15379725927688576,
ALICE_SPRINGS_AIRPORT_AS,2005-06-02,2005,6,152,0.20784057708715833,0.15248119037153834,
ALICE_SPRINGS_AIRPORT_AS,2005-06-10,2005,6,160,0.21759852584747175,0.1742436667884059,
ALICE_SPRINGS_AIRPORT_AS,2005-06-18,2005,6,168,0.16831145200217387,0.13676998698492523,
ALICE_SPRINGS_AIRPORT_AS,2005-06-26,2005,6,176,0.19693298492886796,0.15898527199303172,
ALICE_SPRINGS_AIRPORT_AS,2005-07-04,2005,7,184,0.15646349935063003,0.12765184692983758,
ALICE_SPRINGS_AIRPORT_AS,2005-07-12,2005,7,192,0.21073211434161535,0.16641725770021998,
ALICE_SPRINGS_AIRPORT_AS,2005-07-20,2005,7,200,0.22252721030835812,0.16716258447896282,
ALICE_SPRINGS_AIRPORT_AS,2005-07-28,2005,7,208,0.25652080516559506,0.20199370727454197,
ALICE_SPRINGS_AIRPORT_AS,2005-08-05,2005,8,216,0.28626039277981996,0.19953829795411146,
ALICE_SPRINGS_AIRPORT_AS,2005-08-13,2005,8,224,0.26678007921563573,0.2088347509901951,
ALICE_SPRINGS_AIRPORT_AS,2005-08-21,2005,8,232,0.28348096387369087,0.18506336951439845,
ALICE_SPRINGS_AIRPORT_AS,2005-08-29,2005,8,240,0.3024965343575525,0.19254956822546357,
ALICE_SPRINGS_AIRPORT_AS,2005-09-06,2005,9,248,0.2753117931740358,0.1778240816790707,
ALICE_SPRINGS_AIRPORT_AS,2005-09-14,2005,9,256,0.26149812355475827,0.16812696647670503,
ALICE_SPRINGS_AIRPORT_AS,2005-09-22,2005,9,264,0.2332339123644702,0.1401669248198263,
ALICE_SPRINGS_AIRPORT_AS,2005-09-30,2005,9,272,0.23567773158619687,0.14448173466937927,
ALICE_SPRINGS_AIRPORT_AS,2005-10-08,2005,10,280,0.2534719691843219,0.14356592577169336,
ALICE_SPRINGS_AIRPORT_AS,2005-10-16,2005,10,288,0.27568322822129965,0.1541092396041635,
ALICE_SPRINGS_AIRPORT_AS,2005-10-24,2005,10,296,0.37150583151164335,0.20598225906316728,
ALICE_SPRINGS_AIRPORT_AS,2005-11-01,2005,11,304,0.4429488475535795,0.2416915183987062,
ALICE_SPRINGS_AIRPORT_AS,2005-11-09,2005,11,312,0.3786923776789323,0.2029197836635665,
ALICE_SPRINGS_AIRPORT_AS,2005-11-17,2005,11,320,0.33815330570157565,0.1972529569348968,
ALICE_SPRINGS_AIRPORT_AS,2005-11-25,2005,11,328,0.2907043682241803,0.16689088949470632,
ALICE_SPRINGS_AIRPORT_AS,2005-12-03,2005,12,336,0.27111587384119834,0.1574883644249425,
ALICE_SPRINGS_AIRPORT_AS,2005-12-11,2005,12,344,0.30711054038315055,0.17676680951456622,
ALICE_SPRINGS_AIRPORT_AS,2005-12-19,2005,12,352,0.32798412678352457,0.18862360509055065,
ALICE_SPRINGS_AIRPORT_AS,2005-12-27,2005,12,360,0.24639676649880782,0.14791452425125898,
ALICE_SPRINGS_AIRPORT_AS,2006-01-01,2006,1,0,0.2533380274344135,0.1519071089553019,
ALICE_SPRINGS_AIRPORT_AS,2006-01-09,2006,1,8,0.2541054498328906,0.14950194393288327,
ALICE_SPRINGS_AIRPORT_AS,2006-01-17,2006,1,16,0.24532702680725382,0.1497574065540891,
ALICE_SPRINGS_AIRPORT_AS,2006-01-25,2006,1,24,0.2720766706599304,0.15594640345851374,
ALICE_SPRINGS_AIRPORT_AS,2006-02-02,2006,2,32,0.26915608177338274,0.15894156488363403,
ALICE_SPRINGS_AIRPORT_AS,2006-02-10,2006,2,40,0.2673877134772555,0.15278895735482137,
ALICE_SPRINGS_AIRPORT_AS,2006-02-18,2006,2,48,0.24572440841558915,0.1458158251563707,
ALICE_SPRINGS_AIRPORT_AS,2006-02-26,2006,2,56,0.24809289758845696,0.154693455203932,
ALICE_SPRINGS_AIRPORT_AS,2006-03-06,2006,3,64,0.2485556238475722,0.14711813898046236,
ALICE_SPRINGS_AIRPORT_AS,2006-03-14,2006,3,72,0.23276493569917037,0.1571867708502904,
ALICE_SPRINGS_AIRPORT_AS,2006-03-22,2006,3,80,0.2459873284054909,0.16768431410194867,
ALICE_SPRINGS_AIRPORT_AS,2006-03-30,2006,3,88,0.24186178748783865,0.16376476831903303,
ALICE_SPRINGS_AIRPORT_AS,2006-04-07,2006,4,96,0.24906466994675214,0.1633019237823,
ALICE_SPRINGS_AIRPORT_AS,2006-04-15,2006,4,104,0.25622332252006197,0.16684532643385272,
ALICE_SPRINGS_AIRPORT_AS,2006-04-23,2006,4,112,0.2387962951262973,0.15696875118462436,
ALICE_SPRINGS_AIRPORT_AS,2006-05-01,2006,5,120,0.24991091623599015,0.16199016919597148,
ALICE_SPRINGS_AIRPORT_AS,2006-05-09,2006,5,128,0.23998075413406336,0.16050355795284746,
ALICE_SPRINGS_AIRPORT_AS,2006-05-17,2006,5,136,0.2264572461112731,0.16162991698151366,
ALICE_SPRINGS_AIRPORT_AS,2006-05-25,2006,5,144,0.21796636396954086,0.15250464904779357,
ALICE_SPRINGS_AIRPORT_AS,2006-06-02,2006,6,152,0.21346188294904997,0.15925761957161494,
ALICE_SPRINGS_AIRPORT_AS,2006-06-10,2006,6,160,0.21223642814110769,0.16743021621259802,
ALICE_SPRINGS_AIRPORT_AS,2006-06-18,2006,6,168,0.2026957098065213,0.15617757271406343,
ALICE_SPRINGS_AIRPORT_AS,2006-06-26,2006,6,176,0.20078835912274132,0.1659194028598985,
ALICE_SPRINGS_AIRPORT_AS,2006-07-04,2006,7,184,0.20731122343717825,0.1574038064782338,
ALICE_SPRINGS_AIRPORT_AS,2006-07-12,2006,7,192,0.20387127307146266,0.16151380343902833,
ALICE_SPRINGS_AIRPORT_AS,2006-07-20,2006,7,200,0.21902416617755943,0.15972082578406124,
ALICE_SPRINGS_AIRPORT_AS,2006-07-28,2006,7,208,0.2269260415218797,0.1660446808779487,
ALICE_SPRINGS_AIRPORT_AS,2006-08-05,2006,8,216,0.23324909336736688,0.1611875308002373,
ALICE_SPRINGS_AIRPORT_AS,2006-08-13,2006,8,224,0.23646748126713812,0.162793818471297,
ALICE_SPRINGS_AIRPORT_AS,2006-08-21,2006,8,232,0.2347865219816444,0.15779017291212383,
ALICE_SPRINGS_AIRPORT_AS,2006-08-29,2006,8,240,0.23628046854269102,0.15678363385941158,
ALICE_SPRINGS_AIRPORT_AS,2006-09-06,2006,9,248,0.2358192547290215,0.15817473053740852,
ALICE_SPRINGS_AIRPORT_AS,2006-09-14,2006,9,256,0.2324681888828524,0.15241018966628317,
ALICE_SPRINGS_AIRPORT_AS,2006-09-22,2006,9,264,0.22570919521348595,0.14999810460076554,
ALICE_SPRINGS_AIRPORT_AS,2006-09-30,2006,9,272,0.22382516837463254,0.1389945538862001,
ALICE_SPRINGS_AIRPORT_AS,2006-10-08,2006,10,280,0.2407384475416677,0.14163876217793997,
ALICE_SPRINGS_AIRPORT_AS,2006-10-16,2006,10,288,0.22873930678932078,0.13716284006621243,
ALICE_SPRINGS_AIRPORT_AS,2006-10-24,2006,10,296,0.2246128108948811,0.13297844810685755,
ALICE_SPRINGS_AIRPORT_AS,2006-11-01,2006,11,304,0.24059655313490919,0.14070714431829814,
ALICE_SPRINGS_AIRPORT_AS,2006-11-09,2006,11,312,0.2330380610594427,0.13648036291953092,
ALICE_SPRINGS_AIRPORT_AS,2006-11-17,2006,11,320,0.22987009704812042,0.1368568034775576,
ALICE_SPRINGS_AIRPORT_AS,2006-11-25,2006,11,328,0.22285045718718657,0.12788943573308903,
ALICE_SPRINGS_AIRPORT_AS,2006-12-03,2006,12,336,0.2314876076454533,0.136499422390254,
ALICE_SPRINGS_AIRPORT_AS,2006-12-11,2006,12,344,0.21264633314084797,0.12738385217071765,
ALICE_SPRINGS_AIRPORT_AS,2006-12-19,2006,12,352,0.22525949034929219,0.1297384687153769,
ALICE_SPRINGS_AIRPORT_AS,2006-12-27,2006,12,360,0.24329116483627639,0.14338898226901065,
ALICE_SPRINGS_AIRPORT_AS,2007-01-01,2007,1,0,0.24355976437253002,0.14536410409365463,
ALICE_SPRINGS_AIRPORT_AS,2007-01-09,2007,1,8,0.24474959149155784,0.14466229968752692,
ALICE_SPRINGS_AIRPORT_AS,2007-01-17,2007,1,16,0.38264303354599705,0.20666276497221645,
ALICE_SPRINGS_AIRPORT_AS,2007-01-25,2007,1,24,0.6352330165790526,0.3123181611403157,
ALICE_SPRINGS_AIRPORT_AS,2007-02-02,2007,2,32,0.5025980590376058,0.2680998534169026,
ALICE_SPRINGS_AIRPORT_AS,2007-02-10,2007,2,40,0.349133802549943,0.20449563426376383,
ALICE_SPRINGS_AIRPORT_AS,2007-02-18,2007,2,48,0.298467006763581,0.18212343216600843,
ALICE_SPRINGS_AIRPORT_AS,2007-02-26,2007,2,56,0.2766657248535907,0.17048045309770898,
ALICE_SPRINGS_AIRPORT_AS,2007-03-06,2007,3,64,0.2687859363393768,0.164482929379075,
ALICE_SPRINGS_AIRPORT_AS,2007-03-14,2007,3,72,0.2778143848272493,0.15645521737614612,
ALICE_SPRINGS_AIRPORT_AS,2007-03-22,2007,3,80,0.25622382229751994,0.17235509121997872,
ALICE_SPRINGS_AIRPORT_AS,2007-03-30,2007,3,88,0.3310681206484785,0.21070711027432712,
ALICE_SPRINGS_AIRPORT_AS,2007-04-07,2007,4,96,0.29984710446176915,0.1948248019307797,
ALICE_SPRINGS_AIRPORT_AS,2007-04-15,2007,4,104,0.2709397389403454,0.17645080175387562,
ALICE_SPRINGS_AIRPORT_AS,2007-04-23,2007,4,112,0.23312365957001682,0.1523162630119787,
ALICE_SPRINGS_AIRPORT_AS,2007-05-01,2007,5,120,0.26018903448363034,0.1696579436181904,
ALICE_SPRINGS_AIRPORT_AS,2007-05-09,2007,5,128,0.2269040657654947,0.15222233876571678,
ALICE_SPRINGS_AIRPORT_AS,2007-05-17,2007,5,136,0.2556615534717333,0.1837802861943736,
ALICE_SPRINGS_AIRPORT_AS,2007-05-25,2007,5,144,0.2490886052558644,0.18617174610297887,
ALICE_SPRINGS_AIRPORT_AS,2007-06-02,2007,6,152,0.23679707652622609,0.16498337632559473,
ALICE_SPRINGS_AIRPORT_AS,2007-06-10,2007,6,160,0.2162322511832551,0.16917018865408967,
ALICE_SPRINGS_AIRPORT_AS,2007-06-18,2007,6,168,0.22402388317022534,0.17535431773236648,
ALICE_SPRINGS_AIRPORT_AS,2007-06-26,2007,6,176,0.21320840546380487,0.16491856101290117,
ALICE_SPRINGS_AIRPORT_AS,2007-07-04,2007,7,184,0.21633537853050117,0.17172100806247145,
ALICE_SPRINGS_AIRPORT_AS,2007-07-12,2007,7,192,0.20254453632277084,0.15956157389422287,
ALICE_SPRINGS_AIRPORT_AS,2007-07-20,2007,7,200,0.2136355020912577,0.16331492690076946,
ALICE_SPRINGS_AIRPORT_AS,2007-07-28,2007,7,208,0.21622140580396615,0.16631114069560532,
ALICE_SPRINGS_AIRPORT_AS,2007-08-05,2007,8,216,0.24144353605681165,0.1585802196135912,
ALICE_SPRINGS_AIRPORT_AS,2007-08-13,2007,8,224,0.25272874309758814,0.1621611342069017,
ALICE_SPRINGS_AIRPORT_AS,2007-08-21,2007,8,232,0.2402999785188094,0.15770176524848667,
ALICE_SPRINGS_AIRPORT_AS,2007-08-29,2007,8,240,0.22745801690696177,0.15568556590303126,
ALICE_SPRINGS_AIRPORT_AS,2007-09-06,2007,9,248,0.22515952943555081,0.15508560886541362,
ALICE_SPRINGS_AIRPORT_AS,2007-09-14,2007,9,256,0.2186557828630644,0.1530486864883302,
ALICE_SPRINGS_AIRPORT_AS,2007-09-22,2007,9,264,0.22739318791051097,0.13909455871330023,
ALICE_SPRINGS_AIRPORT_AS,2007-09-30,2007,9,272,0.24404695502256532,0.14320787485421627,
ALICE_SPRINGS_AIRPORT_AS,2007-10-08,2007,10,280,0.2297185963936876,0.13836363866108997,
ALICE_SPRINGS_AIRPORT_AS,2007-10-16,2007,10,288,0.2293002749236681,0.13730308750680978,
ALICE_SPRINGS_AIRPORT_AS,2007-10-24,2007,10,296,0.225105311825748,0.13563443953560053,
ALICE_SPRINGS_AIRPORT_AS,2007-11-01,2007,11,304,0.21729447452290504,0.11426973338965042,
ALICE_SPRINGS_AIRPORT_AS,2007-11-09,2007,11,312,0.24031896147361292,0.14306258794893587,
ALICE_SPRINGS_AIRPORT_AS,2007-11-17,2007,11,320,0.23686943995147652,0.1404215527699152,
ALICE_SPRINGS_AIRPORT_AS,2007-11-25,2007,11,328,0.22718863728265337,0.1361111251516378,
ALICE_SPRINGS_AIRPORT_AS,2007-12-03,2007,12,336,0.22006161882543926,0.1324798407546404,
ALICE_SPRINGS_AIRPORT_AS,2007-12-11,2007,12,344,0.21984123685632415,0.13144175221312493,
ALICE_SPRINGS_AIRPORT_AS,2007-12-19,2007,12,352,0.21577988338192472,0.12375937109537696,
ALICE_SPRINGS_AIRPORT_AS,2007-12-27,2007,12,360,0.21730635560554631,0.136008821262022,
ALICE_SPRINGS_AIRPORT_AS,2008-01-01,2008,1,0,0.2255247892628312,0.13543088958256994,
ALICE_SPRINGS_AIRPORT_AS,2008-01-09,2008,1,8,0.21831277800242682,0.13449517286696336,
ALICE_SPRINGS_AIRPORT_AS,2008-01-17,2008,1,16,0.2250676550936916,0.1340385281329759,
ALICE_SPRINGS_AIRPORT_AS,2008-01-25,2008,1,24,0.21655519255009986,0.1375834126514547,
ALICE_SPRINGS_AIRPORT_AS,2008-02-02,2008,2,32,0.22165870910698482,0.12939345711759495,
ALICE_SPRINGS_AIRPORT_AS,2008-02-10,2008,2,40,0.21310984470362335,0.1368058732104271,
ALICE_SPRINGS_AIRPORT_AS,2008-02-18,2008,2,48,0.22211724455556345,0.1367008355812881,
ALICE_SPRINGS_AIRPORT_AS,2008-02-26,2008,2,56,0.2197879680056615,0.14276248120395782,
ALICE_SPRINGS_AIRPORT_AS,2008-03-05,2008,3,64,0.22410695106079248,0.14284688964985665,
ALICE_SPRINGS_AIRPORT_AS,2008-03-13,2008,3,72,0.21233277861630423,0.1468627526865072,
ALICE_SPRINGS_AIRPORT_AS,2008-03-21,2008,3,80,0.2079828824254739,0.1425261478204102,
ALICE_SPRINGS_AIRPORT_AS,2008-03-29,2008,3,88,0.21451749453493285,0.15115897345177426,
ALICE_SPRINGS_AIRPORT_AS,2008-04-06,2008,4,96,0.2171981236493969,0.14849364886944585,
ALICE_SPRINGS_AIRPORT_AS,2008-04-14,2008,4,104,0.22349915970634024,0.15130744639179133,
ALICE_SPRINGS_AIRPORT_AS,2008-04-22,2008,4,112,0.22866245278459663,0.15252629436976167,
ALICE_SPRINGS_AIRPORT_AS,2008-04-30,2008,4,120,0.22971227839624037,0.15514461896157364,
ALICE_SPRINGS_AIRPORT_AS,2008-05-08,2008,5,128,0.23188680478400148,0.15364106921116255,
ALICE_SPRINGS_AIRPORT_AS,2008-05-16,2008,5,136,0.2213927393573337,0.15843781195112389,
ALICE_SPRINGS_AIRPORT_AS,2008-05-24,2008,5,144,0.22140916615069753,0.1569647076662579,
ALICE_SPRINGS_AIRPORT_AS,2008-06-01,2008,6,152,0.190102711701798,0.14938217782668814,
ALICE_SPRINGS_AIRPORT_AS,2008-06-09,2008,6,160,0.19172812412279644,0.14632314287901593,
ALICE_SPRINGS_AIRPORT_AS,2008-06-17,2008,6,168,0.20061273086305073,0.15404039377395756,
ALICE_SPRINGS_AIRPORT_AS,2008-06-25,2008,6,176,0.1982125652857366,0.15123269611074483,
ALICE_SPRINGS_AIRPORT_AS,2008-07-03,2008,7,184,0.19880562092748075,0.15539062181170152,
ALICE_SPRINGS_AIRPORT_AS,2008-07-11,2008,7,192,0.19942000783431751,0.146292220017943,
ALICE_SPRINGS_AIRPORT_AS,2008-07-19,2008,7,200,0.20011893834598188,0.14930770125790213,
ALICE_SPRINGS_AIRPORT_AS,2008-07-27,2008,7,208,0.22286355396103058,0.14966290995296697,
ALICE_SPRINGS_AIRPORT_AS,2008-08-04,2008,8,216,0.22340926841968298,0.15309242384795604,
ALICE_SPRINGS_AIRPORT_AS,2008-08-12,2008,8,224,0.22968898851218886,0.15110493135332023,
ALICE_SPRINGS_AIRPORT_AS,2008-08-20,2008,8,232,0.2141446972432893,0.14486417077966363,
ALICE_SPRINGS_AIRPORT_AS,2008-08-28,2008,8,240,0.22157530180091092,0.14695111814763492,
ALICE_SPRINGS_AIRPORT_AS,2008-09-05,2008,9,248,0.21010161077643105,0.14674806732683468,
ALICE_SPRINGS_AIRPORT_AS,2008-09-13,2008,9,256,0.22363815565018585,0.141728098661848,
ALICE_SPRINGS_AIRPORT_AS,2008-09-21,2008,9,264,0.21111885807007832,0.13552976522488702,
ALICE_SPRINGS_AIRPORT_AS,2008-09-29,2008,9,272,0.22524665685584558,0.1350662230469,
ALICE_SPRINGS_AIRPORT_AS,2008-10-07,2008,10,280,0.20892917435005132,0.13322546295093887,
ALICE_SPRINGS_AIRPORT_AS,2008-10-15,2008,10,288,0.21910183348285991,0.13425769847988978,
ALICE_SPRINGS_AIRPORT_AS,2008-10-23,2008,10,296,0.21586402630092014,0.12979067139261308,
ALICE_SPRINGS_AIRPORT_AS,2008-10-31,2008,10,304,0.20632581884351064,0.11678591285887578,
ALICE_SPRINGS_AIRPORT_AS,2008-11-08,2008,11,312,0.2258186044135682,0.13523459848794456,
ALICE_SPRINGS_AIRPORT_AS,2008-11-16,2008,11,320,0.23496124243337313,0.13630187077159056,
ALICE_SPRINGS_AIRPORT_AS,2008-11-24,2008,11,328,0.3293823291548725,0.1855038162151236,
ALICE_SPRINGS_AIRPORT_AS,2008-12-02,2008,12,336,0.4317894018476622,0.22340958206427658,
ALICE_SPRINGS_AIRPORT_AS,2008-12-10,2008,12,344,0.6022745776511287,0.2965198198656625,
ALICE_SPRINGS_AIRPORT_AS,2008-12-18,2008,12,352,0.5659276470359167,0.2691025324835473,
ALICE_SPRINGS_AIRPORT_AS,2008-12-26,2008,12,360,0.7379627911683844,0.33608649450975786,
ALICE_SPRINGS_AIRPORT_AS,2009-01-01,2009,1,0,0.6963503743701422,0.3221804966686859,
ALICE_SPRINGS_AIRPORT_AS,2009-01-09,2009,1,8,0.4845670744035589,0.24306333400727867,
ALICE_SPRINGS_AIRPORT_AS,2009-01-17,2009,1,16,0.45058855208493603,0.23497025183361528,
ALICE_SPRINGS_AIRPORT_AS,2009-01-25,2009,1,24,0.3707114204057568,0.20917067169056874,
ALICE_SPRINGS_AIRPORT_AS,2009-02-02,2009,2,32,0.31607888202039397,0.18082646483859077,
ALICE_SPRINGS_AIRPORT_AS,2009-02-10,2009,2,40,0.27137242814209755,0.16814415247489176,
ALICE_SPRINGS_AIRPORT_AS,2009-02-18,2009,2,48,0.2704874319149743,0.1621947705645213,
ALICE_SPRINGS_AIRPORT_AS,2009-02-26,2009,2,56,0.2629649898906983,0.1657630622824222,
ALICE_SPRINGS_AIRPORT_AS,2009-03-06,2009,3,64,0.2584465797880436,0.16181101364028191,
ALICE_SPRINGS_AIRPORT_AS,2009-03-14,2009,3,72,0.24918308293003488,0.16901552963772562,
ALICE_SPRINGS_AIRPORT_AS,2009-03-22,2009,3,80,0.2350362355823215,0.16181509645809908,
ALICE_SPRINGS_AIRPORT_AS,2009-03-30,2009,3,88,0.2420740722020754,0.16821213308229763,
ALICE_SPRINGS_AIRPORT_AS,2009-04-07,2009,4,96,0.2485782023962411,0.16649017089795465,
ALICE_SPRINGS_AIRPORT_AS,2009-04-15,2009,4,104,0.2480849303023253,0.16898388806992998,
ALICE_SPRINGS_AIRPORT_AS,2009-04-23,2009,4,112,0.26562251228850553,0.1770553077496552,
ALICE_SPRINGS_AIRPORT_AS,2009-05-01,2009,5,120,0.2546810043088747,0.17945286142104344,
ALICE_SPRINGS_AIRPORT_AS,2009-05-09,2009,5,128,0.25498426818635617,0.17665954838954198,
ALICE_SPRINGS_AIRPORT_AS,2009-05-17,2009,5,136,0.24040106647796972,0.1793765400118771,
ALICE_SPRINGS_AIRPORT_AS,2009-05-25,2009,5,144,0.23455640340649148,0.15577479963986812,
ALICE_SPRINGS_AIRPORT_AS,2009-06-02,2009,6,152,0.21007274367722154,0.1730755350043702,
ALICE_SPRINGS_AIRPORT_AS,2009-06-10,2009,6,160,0.21710411255693804,0.17160116942272785,
ALICE_SPRINGS_AIRPORT_AS,2009-06-18,2009,6,168,0.21709342077722765,0.17561333984511285,
ALICE_SPRINGS_AIRPORT_AS,2009-06-26,2009,6,176,0.22091654323509946,0.17575923183002184,
ALICE_SPRINGS_AIRPORT_AS,2009-07-04,2009,7,184,0.21951968646199646,0.17564688060261538,
ALICE_SPRINGS_AIRPORT_AS,2009-07-12,2009,7,192,0.21801279408439903,0.16199186072801272,
ALICE_SPRINGS_AIRPORT_AS,2009-07-20,2009,7,200,0.21308924171913535,0.16562825075280574,
ALICE_SPRINGS_AIRPORT_AS,2009-07-28,2009,7,208,0.23249862656667272,0.16786447087682546,
ALICE_SPRINGS_AIRPORT_AS,2009-08-05,2009,8,216,0.23558927962193138,0.16410606654114898,
ALICE_SPRINGS_AIRPORT_AS,2009-08-13,2009,8,224,0.23756049482556046,0.1572883154955204,
ALICE_SPRINGS_AIRPORT_AS,2009-08-21,2009,8,232,0.2239011339024088,0.1495985475856796,
ALICE_SPRINGS_AIRPORT_AS,2009-08-29,2009,8,240,0.22379809251930222,0.15076649581522078,
ALICE_SPRINGS_AIRPORT_AS,2009-09-06,2009,9,248,0.23718267857819847,0.15824309126979094,
ALICE_SPRINGS_AIRPORT_AS,2009-09-14,2009,9,256,0.23711588699469502,0.1508624868708087,
ALICE_SPRINGS_AIRPORT_AS,2009-09-22,2009,9,264,0.22665563123112567,0.1374264269197234,
ALICE_SPRINGS_AIRPORT_AS,2009-09-30,2009,9,272,0.2423813499454116,0.14015965577034226,
ALICE_SPRINGS_AIRPORT_AS,2009-10-08,2009,10,280,0.2319690670844974,0.13676783886579294,
ALICE_SPRINGS_AIRPORT_AS,2009-10-16,2009,10,288,0.2249257635299921,0.13072075714881404,
ALICE_SPRINGS_AIRPORT_AS,2009-10-24,2009,10,296,0.22616788182817632,0.13601106913152788,
ALICE_SPRINGS_AIRPORT_AS,2009-11-01,2009,11,304,0.22515748935193514,0.13377336835930526,
ALICE_SPRINGS_AIRPORT_AS,2009-11-09,2009,11,312,0.22140618681763105,0.1335720784472302,
ALICE_SPRINGS_AIRPORT_AS,2009-11-17,2009,11,320,0.21169701383831085,0.12297318413560213,
ALICE_SPRINGS_AIRPORT_AS,2009-11-25,2009,11,328,0.22275323493732402,0.13475876971289946,
ALICE_SPRINGS_AIRPORT_AS,2009-12-03,2009,12,336,0.22766944279449564,0.13395326500436,
ALICE_SPRINGS_AIRPORT_AS,2009-12-11,2009,12,344,0.2278362302642572,0.1323703446769698,
ALICE_SPRINGS_AIRPORT_AS,2009-12-19,2009,12,352,0.22784355730538805,0.13518730278203983,
ALICE_SPRINGS_AIRPORT_AS,2009-12-27,2009,12,360,0.22536740169706268,0.1378883425722885,
ALICE_SPRINGS_AIRPORT_AS,2010-01-01,2010,1,0,0.21219993086407188,0.13131806368187227,
ALICE_SPRINGS_AIRPORT_AS,2010-01-09,2010,1,8,0.26490253245649614,0.15477689019049012,
ALICE_SPRINGS_AIRPORT_AS,2010-01-17,2010,1,16,0.4279885260816817,0.2272557369591592,
ALICE_SPRINGS_AIRPORT_AS,2010-01-25,2010,1,24,0.4226911423536713,0.23555127343720267,
ALICE_SPRINGS_AIRPORT_AS,2010-02-02,2010,2,32,0.44024416526159643,0.245572571341641,
ALICE_SPRINGS_AIRPORT_AS,2010-02-10,2010,2,40,0.3689191841220406,0.21856423272670172,
ALICE_SPRINGS_AIRPORT_AS,2010-02-18,2010,2,48,0.35107870810343,0.19932114438093104,
ALICE_SPRINGS_AIRPORT_AS,2010-02-26,2010,2,56,0.47704924247210556,0.2882418276703014,
ALICE_SPRINGS_AIRPORT_AS,2010-03-06,2010,3,64,0.6565809157450433,0.34259002511086184,
ALICE_SPRINGS_AIRPORT_AS,2010-03-14,2010,3,72,0.7124414005736733,0.3649349878062648,
ALICE_SPRINGS_AIRPORT_AS,2010-03-22,2010,3,80,0.7830778756365379,0.388452343345253,
ALICE_SPRINGS_AIRPORT_AS,2010-03-30,2010,3,88,0.6312930413576098,0.36257976471777464,
ALICE_SPRINGS_AIRPORT_AS,2010-04-07,2010,4,96,0.6795605770254438,0.359332348557436,
ALICE_SPRINGS_AIRPORT_AS,2010-04-15,2010,4,104,0.665462035153336,0.3827478234498786,
ALICE_SPRINGS_AIRPORT_AS,2010-04-23,2010,4,112,0.6989524760231984,0.39303718773297586,
ALICE_SPRINGS_AIRPORT_AS,2010-05-01,2010,5,120,0.6273569289477994,0.3966159542071545,
ALICE_SPRINGS_AIRPORT_AS,2010-05-09,2010,5,128,0.6327663983623734,0.3604444079404589,
ALICE_SPRINGS_AIRPORT_AS,2010-05-17,2010,5,136,0.5451699966742555,0.3521680012279668,
ALICE_SPRINGS_AIRPORT_AS,2010-05-25,2010,5,144,0.48706969147931733,0.3532440605302781,
ALICE_SPRINGS_AIRPORT_AS,2010-06-02,2010,6,152,0.3956050871902449,0.32339753507276725,
ALICE_SPRINGS_AIRPORT_AS,2010-06-10,2010,6,160,0.37487196389635363,0.305040312357385,
ALICE_SPRINGS_AIRPORT_AS,2010-06-18,2010,6,168,0.2990232981179596,0.2557107675085703,
ALICE_SPRINGS_AIRPORT_AS,2010-06-26,2010,6,176,0.27937013267040406,0.22679650440120735,
ALICE_SPRINGS_AIRPORT_AS,2010-07-04,2010,7,184,0.18711422632055882,0.13072504130909848,
ALICE_SPRINGS_AIRPORT_AS,2010-07-12,2010,7,192,0.22221084000745026,0.18257656387196347,
ALICE_SPRINGS_AIRPORT_AS,2010-07-20,2010,7,200,0.2349987656691447,0.15916696382039122,
ALICE_SPRINGS_AIRPORT_AS,2010-07-28,2010,7,208,0.2655948375710109,0.18119684518228443,
ALICE_SPRINGS_AIRPORT_AS,2010-08-05,2010,8,216,0.28224795368336963,0.1902411659013777,
ALICE_SPRINGS_AIRPORT_AS,2010-08-13,2010,8,224,0.30022872884890034,0.18520971023466848,
ALICE_SPRINGS_AIRPORT_AS,2010-08-21,2010,8,232,0.29998786370945657,0.19902818653478546,
ALICE_SPRINGS_AIRPORT_AS,2010-08-29,2010,8,240,0.36548127791137014,0.21643352799725196,
ALICE_SPRINGS_AIRPORT_AS,2010-09-06,2010,9,248,0.45041635603179103,0.2756994654974156,
ALICE_SPRINGS_AIRPORT_AS,2010-09-14,2010,9,256,0.5626930601317958,0.272147987026359,
ALICE_SPRINGS_AIRPORT_AS,2010-09-22,2010,9,264,0.5784973274870793,0.313430798973957,
ALICE_SPRINGS_AIRPORT_AS,2010-09-30,2010,9,272,0.6653521019977499,0.32305449904598205,
ALICE_SPRINGS_AIRPORT_AS,2010-10-08,2010,10,280,0.7170566743783242,0.34262423989582913,
ALICE_SPRINGS_AIRPORT_AS,2010-10-16,2010,10,288,0.7240816790710001,0.34726519162486236,
ALICE_SPRINGS_AIRPORT_AS,2010-10-24,2010,10,296,0.6336637832044689,0.31340197504401723,
ALICE_SPRINGS_AIRPORT_AS,2010-11-01,2010,11,304,0.6932495956328323,0.3355265618681766,
ALICE_SPRINGS_AIRPORT_AS,2010-11-09,2010,11,312,0.5862553073190453,0.29135564092195754,
ALICE_SPRINGS_AIRPORT_AS,2010-11-17,2010,11,320,0.6432533865750091,0.30646014456126197,
ALICE_SPRINGS_AIRPORT_AS,2010-11-25,2010,11,328,0.6391829689298034,0.31192890934663126,
ALICE_SPRINGS_AIRPORT_AS,2010-12-03,2010,12,336,0.6053921824444208,0.29045963364993216,
ALICE_SPRINGS_AIRPORT_AS,2010-12-11,2010,12,344,0.6300125115320924,0.3090041325969643,
ALICE_SPRINGS_AIRPORT_AS,2010-12-19,2010,12,352,0.6702377191097836,0.3276819543265893,
ALICE_SPRINGS_AIRPORT_AS,2010-12-27,2010,12,360,0.5798574687165737,0.29254739229609417,
ALICE_SPRINGS_AIRPORT_AS,2011-01-01,2011,1,0,0.5807801711877113,0.29072121227793457,
ALICE_SPRINGS_AIRPORT_AS,2011-01-09,2011,1,8,0.6577072310405628,0.32197282644196235,
ALICE_SPRINGS_AIRPORT_AS,2011-01-17,2011,1,16,0.5809871613424988,0.29669707844723026,
ALICE_SPRINGS_AIRPORT_AS,2011-01-25,2011,1,24,0.4581350244350596,0.24729351418254208,
ALICE_SPRINGS_AIRPORT_AS,2011-02-02,2011,2,32,0.48826200173599466,0.24439651910707538,
ALICE_SPRINGS_AIRPORT_AS,2011-02-10,2011,2,40,0.7652194240513518,0.37619631281668947,
ALICE_SPRINGS_AIRPORT_AS,2011-02-18,2011,2,48,0.897717190153878,0.42217507034755475,
ALICE_SPRINGS_AIRPORT_AS,2011-02-26,2011,2,56,0.7670224040159894,0.34801189922840975,
ALICE_SPRINGS_AIRPORT_AS,2011-03-06,2011,3,64,0.5671166459346374,0.27080218817143514,
ALICE_SPRINGS_AIRPORT_AS,2011-03-14,2011,3,72,0.9049239448229663,0.4004523383264,
ALICE_SPRINGS_AIRPORT_AS,2011-03-22,2011,3,80,0.9696521310605379,0.48221989158316303,
ALICE_SPRINGS_AIRPORT_AS,2011-03-30,2011,3,88,0.9001301507474188,0.4599850895260242,
ALICE_SPRINGS_AIRPORT_AS,2011-04-07,2011,4,96,0.8532746180770543,0.4527295012572807,
ALICE_SPRINGS_AIRPORT_AS,2011-04-15,2011,4,104,0.7584098864024039,0.41305361452633993,
ALICE_SPRINGS_AIRPORT_AS,2011-04-23,2011,4,112,0.6823083435474269,0.3833657236002478,
ALICE_SPRINGS_AIRPORT_AS,2011-05-01,2011,5,120,0.5905975561985862,0.32732609712025684,
ALICE_SPRINGS_AIRPORT_AS,2011-05-09,2011,5,128,0.5025433181157912,0.3517536055198172,
ALICE_SPRINGS_AIRPORT_AS,2011-05-17,2011,5,136,0.3804078899152117,0.31651309720870835,
ALICE_SPRINGS_AIRPORT_AS,2011-05-25,2011,5,144,0.3796377194245748,0.32355959867505096,
ALICE_SPRINGS_AIRPORT_AS,2011-06-02,2011,6,152,0.32404377108631643,0.2577459912306197,
ALICE_SPRINGS_AIRPORT_AS,2011-06-10,2011,6,160,0.2792749824352806,0.23612846565421813,
ALICE_SPRINGS_AIRPORT_AS,2011-06-18,2011,6,168,0.26047292024348384,0.20456661984287997,
ALICE_SPRINGS_AIRPORT_AS,2011-06-26,2011,6,176,0.25902491838776875,0.21561902262176189,
ALICE_SPRINGS_AIRPORT_AS,2011-07-04,2011,7,184,0.24878225441376248,0.18767406066093248,
ALICE_SPRINGS_AIRPORT_AS,2011-07-12,2011,7,192,0.2156180896902922,0.17557171558902682,
ALICE_SPRINGS_AIRPORT_AS,2011-07-20,2011,7,200,0.24812711786793668,0.1687039629479414,
ALICE_SPRINGS_AIRPORT_AS,2011-07-28,2011,7,208,0.24708298057847616,0.16850617268350632,
ALICE_SPRINGS_AIRPORT_AS,2011-08-05,2011,8,216,0.26186102860715976,0.16544083163983123,
ALICE_SPRINGS_AIRPORT_AS,2011-08-13,2011,8,224,0.2553178584515852,0.16776684062219657,
ALICE_SPRINGS_AIRPORT_AS,2011-08-21,2011,8,232,0.23570426717547652,0.15065858805393065,
ALICE_SPRINGS_AIRPORT_AS,2011-08-29,2011,8,240,0.25613414372180615,0.15814832130807827,
ALICE_SPRINGS_AIRPORT_AS,2011-09-06,2011,9,248,0.2427819625149007,0.15396205838342344,
ALICE_SPRINGS_AIRPORT_AS,2011-09-14,2011,9,256,0.25056672437104366,0.15769051921303004,
ALICE_SPRINGS_AIRPORT_AS,2011-09-22,2011,9,264,0.26310036770745154,0.14245770100708882,
ALICE_SPRINGS_AIRPORT_AS,2011-09-30,2011,9,272,0.269074666093835,0.144356891039816,
ALICE_SPRINGS_AIRPORT_AS,2011-10-08,2011,10,280,0.26642237076536224,0.1404838322445319,
ALICE_SPRINGS_AIRPORT_AS,2011-10-16,2011,10,288,0.263058668924298,0.14093961258039642,
ALICE_SPRINGS_AIRPORT_AS,2011-10-24,2011,10,296,0.2744828640980867,0.14721122595939395,
ALICE_SPRINGS_AIRPORT_AS,2011-11-01,2011,11,304,0.2850369543996655,0.15423955071563517,
ALICE_SPRINGS_AIRPORT_AS,2011-11-09,2011,11,312,0.280321756825041,0.1421274736080194,
ALICE_SPRINGS_AIRPORT_AS,2011-11-17,2011,11,320,0.2791913732822765,0.1486486174967664,
ALICE_SPRINGS_AIRPORT_AS,2011-11-25,2011,11,328,0.31517135058633194,0.1643490952284676,
ALICE_SPRINGS_AIRPORT_AS,2011-12-03,2011,12,336,0.2785346994007349,0.14943681938269243,
ALICE_SPRINGS_AIRPORT_AS,2011-12-11,2011,12,344,0.26653203675818726,0.13688554581404197,
ALICE_SPRINGS_AIRPORT_AS,2011-12-19,2011,12,352,0.27650865065022057,0.1501720019715143,
ALICE_SPRINGS_AIRPORT_AS,2011-12-27,2011,12,360,0.26932905329407186,0.14885108749225934,
ALICE_SPRINGS_AIRPORT_AS,2012-01-01,2012,1,0,0.2538723862514591,0.14306496070563207,
ALICE_SPRINGS_AIRPORT_AS,2012-01-09,2012,1,8,0.338235443746343,0.1847965049729099,
ALICE_SPRINGS_AIRPORT_AS,2012-01-17,2012,1,16,0.30877603113627167,0.16886423372422177,
ALICE_SPRINGS_AIRPORT_AS,2012-01-25,2012,1,24,0.28908082288718157,0.1630623230893651,
ALICE_SPRINGS_AIRPORT_AS,2012-02-02,2012,2,32,0.26308001415285087,0.1540239587545492,
ALICE_SPRINGS_AIRPORT_AS,2012-02-10,2012,2,40,0.2593234688333189,0.15067501484729437,
ALICE_SPRINGS_AIRPORT_AS,2012-02-18,2012,2,48,0.2746920328498293,0.1617590123720135,
ALICE_SPRINGS_AIRPORT_AS,2012-02-26,2012,2,56,0.31778830031254574,0.17310668151148914,
ALICE_SPRINGS_AIRPORT_AS,2012-03-05,2012,3,64,0.6423166833040587,0.34441703837551735,
ALICE_SPRINGS_AIRPORT_AS,2012-03-13,2012,3,72,0.6908424138067,0.36811787746947255,
ALICE_SPRINGS_AIRPORT_AS,2012-03-21,2012,3,80,0.5941798607513357,0.3444559572397937,
ALICE_SPRINGS_AIRPORT_AS,2012-03-29,2012,3,88,0.5036909741088468,0.29674281959590093,
ALICE_SPRINGS_AIRPORT_AS,2012-04-06,2012,4,96,0.36041446196300037,0.2236446933061842,
ALICE_SPRINGS_AIRPORT_AS,2012-04-14,2012,4,104,0.3650614741151637,0.22330342814541504,
ALICE_SPRINGS_AIRPORT_AS,2012-04-22,2012,4,112,0.30753124160601597,0.20138230516365838,
ALICE_SPRINGS_AIRPORT_AS,2012-04-30,2012,4,120,0.3481052325654849,0.2163756175842507,
ALICE_SPRINGS_AIRPORT_AS,2012-05-08,2012,5,128,0.2797091193975153,0.20776974690102232,
ALICE_SPRINGS_AIRPORT_AS,2012-05-16,2012,5,136,0.2694512187417076,0.19570755253414887,
ALICE_SPRINGS_AIRPORT_AS,2012-05-24,2012,5,144,0.24451112706389103,0.17826073223259145,
ALICE_SPRINGS_AIRPORT_AS,2012-06-01,2012,6,152,0.23689275621002595,0.18226044920422413,
ALICE_SPRINGS_AIRPORT_AS,2012-06-09,2012,6,160,0.2220528321724278,0.17350973262656774,
ALICE_SPRINGS_AIRPORT_AS,2012-06-17,2012,6,168,0.22465661683872748,0.18363840837008286,
ALICE_SPRINGS_AIRPORT_AS,2012-06-25,2012,6,176,0.20218166725034742,0.16416643967988387,
ALICE_SPRINGS_AIRPORT_AS,2012-07-03,2012,7,184,0.212495389741699,0.17031934782332217,
ALICE_SPRINGS_AIRPORT_AS,2012-07-11,2012,7,192,0.20276484954610408,0.14063115371027463,
ALICE_SPRINGS_AIRPORT_AS,2012-07-19,2012,7,200,0.2204165977847585,0.16632259623332538,
ALICE_SPRINGS_AIRPORT_AS,2012-07-27,2012,7,208,0.2132868618469102,0.14928699462258527,
ALICE_SPRINGS_AIRPORT_AS,2012-08-04,2012,8,216,0.2398918358836986,0.1564290678426567,
ALICE_SPRINGS_AIRPORT_AS,2012-08-12,2012,8,224,0.20797871663335904,0.1412188291602489,
ALICE_SPRINGS_AIRPORT_AS,2012-08-20,2012,8,232,0.23545533807604396,0.15270726190626624,
ALICE_SPRINGS_AIRPORT_AS,2012-08-28,2012,8,240,0.2283665449399167,0.14660622449108537,
ALICE_SPRINGS_AIRPORT_AS,2012-09-05,2012,9,248,0.23515712859652063,0.15414713352455806,
ALICE_SPRINGS_AIRPORT_AS,2012-09-13,2012,9,256,0.2274908704936888,0.14284613149016287,
ALICE_SPRINGS_AIRPORT_AS,2012-09-21,2012,9,264,0.24557676998698524,0.13655466963191354,
ALICE_SPRINGS_AIRPORT_AS,2012-09-29,2012,9,272,0.22450751209896577,0.12853308735263275,
ALICE_SPRINGS_AIRPORT_AS,2012-10-07,2012,10,280,0.24876356789951867,0.1378681813012547,
ALICE_SPRINGS_AIRPORT_AS,2012-10-15,2012,10,288,0.2291676670162632,0.12935783873943313,
ALICE_SPRINGS_AIRPORT_AS,2012-10-23,2012,10,296,0.24016350977394244,0.1356265558068715,
ALICE_SPRINGS_AIRPORT_AS,2012-10-31,2012,10,304,0.22255360574491834,0.12739620208354394,
ALICE_SPRINGS_AIRPORT_AS,2012-11-08,2012,11,312,0.28467322078447216,0.1553074454104327,
ALICE_SPRINGS_AIRPORT_AS,2012-11-16,2012,11,320,0.26305853214719,0.14460422563687847,
ALICE_SPRINGS_AIRPORT_AS,2012-11-24,2012,11,328,0.26547077242935596,0.14980045891913146,
ALICE_SPRINGS_AIRPORT_AS,2012-12-02,2012,12,336,0.24920317969845984,0.132047720752714,
ALICE_SPRINGS_AIRPORT_AS,2012-12-10,2012,12,344,0.2603657457725659,0.1464442787452924,
ALICE_SPRINGS_AIRPORT_AS,2012-12-18,2012,12,352,0.2942104721206817,0.1605054574473564,
ALICE_SPRINGS_AIRPORT_AS,2012-12-26,2012,12,360,0.28274925120376093,0.15806880078860577,
ALICE_SPRINGS_AIRPORT_AS,2013-01-01,2013,1,0,0.2638189240082405,0.1469924298911875,
ALICE_SPRINGS_AIRPORT_AS,2013-01-09,2013,1,8,0.24466867165386197,0.1393151031136274,
ALICE_SPRINGS_AIRPORT_AS,2013-01-17,2013,1,16,0.287168523358794,0.15874578120638436,
ALICE_SPRINGS_AIRPORT_AS,2013-01-25,2013,1,24,0.28262232106752916,0.156185806712495,
ALICE_SPRINGS_AIRPORT_AS,2013-02-02,2013,2,32,0.26256823695915915,0.1472370349777597,
ALICE_SPRINGS_AIRPORT_AS,2013-02-10,2013,2,40,0.25865630736613493,0.14755384336944435,
ALICE_SPRINGS_AIRPORT_AS,2013-02-18,2013,2,48,0.24594721363014074,0.13916282135794328,
ALICE_SPRINGS_AIRPORT_AS,2013-02-26,2013,2,56,0.2369382168925971,0.14864989572471332,
ALICE_SPRINGS_AIRPORT_AS,2013-03-06,2013,3,64,0.2348091541863173,0.1460246356094107,
ALICE_SPRINGS_AIRPORT_AS,2013-03-14,2013,3,72,0.23412491867273963,0.15168458035133384,
ALICE_SPRINGS_AIRPORT_AS,2013-03-22,2013,3,80,0.19597522565370876,0.12425750945948807,
ALICE_SPRINGS_AIRPORT_AS,2013-03-30,2013,3,88,0.23714041583594447,0.1536430148105954,
ALICE_SPRINGS_AIRPORT_AS,2013-04-07,2013,4,96,0.2626770618784669,0.1685343509521222,
ALICE_SPRINGS_AIRPORT_AS,2013-04-15,2013,4,104,0.24745700602737006,0.15720668696849865,
ALICE_SPRINGS_AIRPORT_AS,2013-04-23,2013,4,112,0.23569289478007122,0.15229419123314689,
ALICE_SPRINGS_AIRPORT_AS,2013-05-01,2013,5,120,0.23359658322698107,0.1522537560494827,
ALICE_SPRINGS_AIRPORT_AS,2013-05-09,2013,5,128,0.20959703812279729,0.1349546999583012,
ALICE_SPRINGS_AIRPORT_AS,2013-05-17,2013,5,136,0.24152413257826247,0.14898798401701804,
ALICE_SPRINGS_AIRPORT_AS,2013-05-25,2013,5,144,0.24867256637168136,0.1762979816308869,
ALICE_SPRINGS_AIRPORT_AS,2013-06-02,2013,6,152,0.24809269530328087,0.20047380221855066,
ALICE_SPRINGS_AIRPORT_AS,2013-06-10,2013,6,160,0.28662672242775106,0.23739477775990558,
ALICE_SPRINGS_AIRPORT_AS,2013-06-18,2013,6,168,0.2602476814883304,0.21817825222044754,
ALICE_SPRINGS_AIRPORT_AS,2013-06-26,2013,6,176,0.22362315607484518,0.1593600290008647,
ALICE_SPRINGS_AIRPORT_AS,2013-07-04,2013,7,184,0.21273873390558012,0.17259361587982802,
ALICE_SPRINGS_AIRPORT_AS,2013-07-12,2013,7,192,0.2647484262690301,0.22143265324344824,
ALICE_SPRINGS_AIRPORT_AS,2013-07-20,2013,7,200,0.28028076502028454,0.22249120999420416,
ALICE_SPRINGS_AIRPORT_AS,2013-07-28,2013,7,208,0.26239780639128646,0.2048997333805077,
ALICE_SPRINGS_AIRPORT_AS,2013-08-05,2013,8,216,0.30499627238150473,0.19871921555743705,
ALICE_SPRINGS_AIRPORT_AS,2013-08-13,2013,8,224,0.27835403285213944,0.1763892371118033,
ALICE_SPRINGS_AIRPORT_AS,2013-08-21,2013,8,232,0.3014013318338609,0.18405286900264106,
ALICE_SPRINGS_AIRPORT_AS,2013-08-29,2013,8,240,0.26941575065914325,0.17142056527110852,
ALICE_SPRINGS_AIRPORT_AS,2013-09-06,2013,9,248,0.2668899025764793,0.16691239464739246,
ALICE_SPRINGS_AIRPORT_AS,2013-09-14,2013,9,256,0.243649780765489,0.1514680498869079,
ALICE_SPRINGS_AIRPORT_AS,2013-09-22,2013,9,264,0.2544709731843863,0.14104258800071587,
ALICE_SPRINGS_AIRPORT_AS,2013-09-30,2013,9,272,0.2375324543094238,0.1358635391742606,
ALICE_SPRINGS_AIRPORT_AS,2013-10-08,2013,10,280,0.2515472775749,0.1380989145680386,
ALICE_SPRINGS_AIRPORT_AS,2013-10-16,2013,10,288,0.24387596507411075,0.13925700350017076,
ALICE_SPRINGS_AIRPORT_AS,2013-10-24,2013,10,296,0.24721944932334294,0.13967222229242232,
ALICE_SPRINGS_AIRPORT_AS,2013-11-01,2013,11,304,0.24509325717751776,0.14060490800646996,
ALICE_SPRINGS_AIRPORT_AS,2013-11-09,2013,11,312,0.24385034329668123,0.13518042434567135,
ALICE_SPRINGS_AIRPORT_AS,2013-11-17,2013,11,320,0.24482869159357912,0.14085256706159932,
ALICE_SPRINGS_AIRPORT_AS,2013-11-25,2013,11,328,0.2531224727052168,0.1423502577840681,
ALICE_SPRINGS_AIRPORT_AS,2013-12-03,2013,12,336,0.23520669303777575,0.1372341931325591,
ALICE_SPRINGS_AIRPORT_AS,2013-12-11,2013,12,344,0.2304207160640497,0.13771481289572485,
ALICE_SPRINGS_AIRPORT_AS,2013-12-19,2013,12,352,0.24462951963299565,0.14094481024176325,
ALICE_SPRINGS_AIRPORT_AS,2013-12-27,2013,12,360,0.23828741152679542,0.13820424671385248,
ALICE_SPRINGS_AIRPORT_AS,2014-01-01,2014,1,0,0.23884347137419273,0.1374406662749405,
ALICE_SPRINGS_AIRPORT_AS,2014-01-09,2014,1,8,0.23875960829735793,0.13604177635042647,
ALICE_SPRINGS_AIRPORT_AS,2014-01-17,2014,1,16,0.22839194478472669,0.1333145597418507,
ALICE_SPRINGS_AIRPORT_AS,2014-01-25,2014,1,24,0.296651348549045,0.18241010739749872,
ALICE_SPRINGS_AIRPORT_AS,2014-02-02,2014,2,32,0.4166029296952541,0.22644400629871256,
ALICE_SPRINGS_AIRPORT_AS,2014-02-10,2014,2,40,0.4270452386172622,0.2355689541767154,
ALICE_SPRINGS_AIRPORT_AS,2014-02-18,2014,2,48,0.31769309962515097,0.1891018161659891,
ALICE_SPRINGS_AIRPORT_AS,2014-02-26,2014,2,56,0.2816686707265036,0.17354757379465469,
ALICE_SPRINGS_AIRPORT_AS,2014-03-06,2014,3,64,0.26527594289367123,0.16611193976844926,
ALICE_SPRINGS_AIRPORT_AS,2014-03-14,2014,3,72,0.24732453383616215,0.1627084293595917,
ALICE_SPRINGS_AIRPORT_AS,2014-03-22,2014,3,80,0.24126663212828106,0.15794210187139074,
ALICE_SPRINGS_AIRPORT_AS,2014-03-30,2014,3,88,0.22093273367227284,0.1495663165539972,
ALICE_SPRINGS_AIRPORT_AS,2014-04-07,2014,4,96,0.22445215028777776,0.14483501948307287,
ALICE_SPRINGS_AIRPORT_AS,2014-04-15,2014,4,104,0.4763795347426683,0.2841384146880807,
ALICE_SPRINGS_AIRPORT_AS,2014-04-23,2014,4,112,0.5493119700779633,0.31765905558574153,
ALICE_SPRINGS_AIRPORT_AS,2014-05-01,2014,5,120,0.6211293096808976,0.3906674710548609,
ALICE_SPRINGS_AIRPORT_AS,2014-05-09,2014,5,128,0.668330713452663,0.3744959687642614,
ALICE_SPRINGS_AIRPORT_AS,2014-05-17,2014,5,136,0.4968904946765582,0.35079524926009886,
ALICE_SPRINGS_AIRPORT_AS,2014-05-25,2014,5,144,0.5035064144820247,0.2896454287307949,
ALICE_SPRINGS_AIRPORT_AS,2014-06-02,2014,6,152,0.3591565992247946,0.31684497249490556,
ALICE_SPRINGS_AIRPORT_AS,2014-06-10,2014,6,160,0.3185167843718692,0.27763731189928026,
ALICE_SPRINGS_AIRPORT_AS,2014-06-18,2014,6,168,0.292345114292573,0.2579928985708687,
ALICE_SPRINGS_AIRPORT_AS,2014-06-26,2014,6,176,0.26974816462174145,0.22794488179026756,
ALICE_SPRINGS_AIRPORT_AS,2014-07-04,2014,7,184,0.26484684836722655,0.22671349815767985,
ALICE_SPRINGS_AIRPORT_AS,2014-07-12,2014,7,192,0.24072446156630567,0.19842645499909498,
ALICE_SPRINGS_AIRPORT_AS,2014-07-20,2014,7,200,0.2560801049687878,0.21403692462657858,
ALICE_SPRINGS_AIRPORT_AS,2014-07-28,2014,7,208,0.2811395140196358,0.19849480028810038,
ALICE_SPRINGS_AIRPORT_AS,2014-08-05,2014,8,216,0.2779282224872097,0.1854717852059849,
ALICE_SPRINGS_AIRPORT_AS,2014-08-13,2014,8,224,0.26846430953969314,0.1718636424282853,
ALICE_SPRINGS_AIRPORT_AS,2014-08-21,2014,8,232,0.2754849063040974,0.17393927140853427,
ALICE_SPRINGS_AIRPORT_AS,2014-08-29,2014,8,240,0.2562327044819876,0.16518568594498265,
ALICE_SPRINGS_AIRPORT_AS,2014-09-06,2014,9,248,0.23738229514890177,0.15869969632786352,
ALICE_SPRINGS_AIRPORT_AS,2014-09-14,2014,9,256,0.2531938934042091,0.15802100586777584,
ALICE_SPRINGS_AIRPORT_AS,2014-09-22,2014,9,264,0.2283450637485946,0.1461707881070015,
ALICE_SPRINGS_AIRPORT_AS,2014-09-30,2014,9,272,0.22571762650014182,0.14177421427286513,
ALICE_SPRINGS_AIRPORT_AS,2014-10-08,2014,10,280,0.23611240981058698,0.13991849783292687,
ALICE_SPRINGS_AIRPORT_AS,2014-10-16,2014,10,288,0.23412729501257343,0.13914593310504308,
ALICE_SPRINGS_AIRPORT_AS,2014-10-24,2014,10,296,0.22726874460436342,0.13836037057557757,
ALICE_SPRINGS_AIRPORT_AS,2014-11-01,2014,11,304,0.23813011742304088,0.14051513805141244,
ALICE_SPRINGS_AIRPORT_AS,2014-11-09,2014,11,312,0.2340578975385947,0.13700220537909716,
ALICE_SPRINGS_AIRPORT_AS,2014-11-17,2014,11,320,0.24335302711018655,0.1435658233248441,
ALICE_SPRINGS_AIRPORT_AS,2014-11-25,2014,11,328,0.23536116819626574,0.13528611362853082,
ALICE_SPRINGS_AIRPORT_AS,2014-12-03,2014,12,336,0.24911533203254654,0.135317033674458,
ALICE_SPRINGS_AIRPORT_AS,2014-12-11,2014,12,344,0.2313325283871968,0.1334708164209013,
ALICE_SPRINGS_AIRPORT_AS,2014-12-19,2014,12,352,0.23018546925115116,0.12488341932784824,
ALICE_SPRINGS_AIRPORT_AS,2014-12-27,2014,12,360,0.23847359308453553,0.1406209005775527,
ALICE_SPRINGS_AIRPORT_AS,2015-01-01,2015,1,0,0.2036494201377341,0.12403497094288406,
ALICE_SPRINGS_AIRPORT_AS,2015-01-09,2015,1,8,0.39835094015366035,0.2202397139102306,
ALICE_SPRINGS_AIRPORT_AS,2015-01-17,2015,1,16,0.558654720986655,0.2876285129397498,
ALICE_SPRINGS_AIRPORT_AS,2015-01-25,2015,1,24,0.6435541346542646,0.33044581479983814,
ALICE_SPRINGS_AIRPORT_AS,2015-02-02,2015,2,32,0.6668734836231275,0.32288528608976946,
ALICE_SPRINGS_AIRPORT_AS,2015-02-10,2015,2,40,0.5644789547505011,0.291401331833862,
ALICE_SPRINGS_AIRPORT_AS,2015-02-18,2015,2,48,0.5358751168980641,0.28111920005754976,
ALICE_SPRINGS_AIRPORT_AS,2015-02-26,2015,2,56,0.4614582475782773,0.2536295655991875,
ALICE_SPRINGS_AIRPORT_AS,2015-03-06,2015,3,64,0.4443637144770595,0.25022643702851927,
ALICE_SPRINGS_AIRPORT_AS,2015-03-14,2015,3,72,0.34016603697292036,0.20826356158152093,
ALICE_SPRINGS_AIRPORT_AS,2015-03-22,2015,3,80,0.3452666450146143,0.22329132835336116,
ALICE_SPRINGS_AIRPORT_AS,2015-03-30,2015,3,88,0.3149247282792138,0.19716289745493779,
ALICE_SPRINGS_AIRPORT_AS,2015-04-07,2015,4,96,0.31842952099598987,0.20445254800590795,
ALICE_SPRINGS_AIRPORT_AS,2015-04-15,2015,4,104,0.29946699931957305,0.19421439101837135,
ALICE_SPRINGS_AIRPORT_AS,2015-04-23,2015,4,112,0.31977912280923376,0.20464044276526067,
ALICE_SPRINGS_AIRPORT_AS,2015-05-01,2015,5,120,0.2682760712164671,0.20326640468037213,
ALICE_SPRINGS_AIRPORT_AS,2015-05-09,2015,5,128,0.3098914568038508,0.1964224971253109,
ALICE_SPRINGS_AIRPORT_AS,2015-05-17,2015,5,136,0.2783593976252534,0.1832887344338252,
ALICE_SPRINGS_AIRPORT_AS,2015-05-25,2015,5,144,0.24591766467065904,0.20603293413173634,
ALICE_SPRINGS_AIRPORT_AS,2015-06-02,2015,6,152,0.24483832731482788,0.20203090112192276,
ALICE_SPRINGS_AIRPORT_AS,2015-06-10,2015,6,160,0.24675849590708146,0.19550362599039856,
ALICE_SPRINGS_AIRPORT_AS,2015-06-18,2015,6,168,0.23902414321344082,0.19977958398217394,
ALICE_SPRINGS_AIRPORT_AS,2015-06-26,2015,6,176,0.22584424075037735,0.19272692097292812,
ALICE_SPRINGS_AIRPORT_AS,2015-07-04,2015,7,184,0.23692062508300568,0.19754319949237806,
ALICE_SPRINGS_AIRPORT_AS,2015-07-12,2015,7,192,0.22471386180585068,0.1855074978804575,
ALICE_SPRINGS_AIRPORT_AS,2015-07-20,2015,7,200,0.22296773531148195,0.17813971097820763,
ALICE_SPRINGS_AIRPORT_AS,2015-07-28,2015,7,208,0.24709056217541323,0.1777598908250038,
ALICE_SPRINGS_AIRPORT_AS,2015-08-05,2015,8,216,0.23293319349499028,0.17274276905192074,
ALICE_SPRINGS_AIRPORT_AS,2015-08-13,2015,8,224,0.25168329013848567,0.1669941621508413,
ALICE_SPRINGS_AIRPORT_AS,2015-08-21,2015,8,232,0.24569958542085912,0.16245857584637588,
ALICE_SPRINGS_AIRPORT_AS,2015-08-29,2015,8,240,0.2521866589165905,0.16725508282894605,
ALICE_SPRINGS_AIRPORT_AS,2015-09-06,2015,9,248,0.2336079556223867,0.15557348462831194,
ALICE_SPRINGS_AIRPORT_AS,2015-09-14,2015,9,256,0.23462208599880538,0.1576371313383099,
ALICE_SPRINGS_AIRPORT_AS,2015-09-22,2015,9,264,0.22397048231592592,0.14619492285725114,
ALICE_SPRINGS_AIRPORT_AS,2015-09-30,2015,9,272,0.23827899193752916,0.14576086405354716,
ALICE_SPRINGS_AIRPORT_AS,2015-10-08,2015,10,280,0.22403618948938014,0.13875143734441944,
ALICE_SPRINGS_AIRPORT_AS,2015-10-16,2015,10,288,0.23831612732028518,0.14567886882573708,
ALICE_SPRINGS_AIRPORT_AS,2015-10-24,2015,10,296,0.22270996294771583,0.13280426615891303,
ALICE_SPRINGS_AIRPORT_AS,2015-11-01,2015,11,304,0.24591968257177568,0.14120602507076432,
ALICE_SPRINGS_AIRPORT_AS,2015-11-09,2015,11,312,0.25208401956064613,0.14505789647046902,
ALICE_SPRINGS_AIRPORT_AS,2015-11-17,2015,11,320,0.24509831176708521,0.1479498584714924,
ALICE_SPRINGS_AIRPORT_AS,2015-11-25,2015,11,328,0.24299894778210282,0.13855846147995082,
ALICE_SPRINGS_AIRPORT_AS,2015-12-03,2015,12,336,0.2467364088042901,0.14957944966636538,
ALICE_SPRINGS_AIRPORT_AS,2015-12-11,2015,12,344,0.2232615997014561,0.1321640336691959,
ALICE_SPRINGS_AIRPORT_AS,2015-12-19,2015,12,352,0.2862758938994916,0.1514169358998723,
ALICE_SPRINGS_AIRPORT_AS,2015-12-27,2015,12,360,0.6000203518323002,0.28674803159621964,
ALICE_SPRINGS_AIRPORT_AS,2016-01-01,2016,1,0,0.7789983191578084,0.35043044725567724,
ALICE_SPRINGS_AIRPORT_AS,2016-01-09,2016,1,8,0.7432690329218095,0.35647685185185146,
ALICE_SPRINGS_AIRPORT_AS,2016-01-17,2016,1,16,0.7249535776969435,0.3475813344186405,
ALICE_SPRINGS_AIRPORT_AS,2016-01-25,2016,1,24,0.5102608168216749,0.25833666093813157,
ALICE_SPRINGS_AIRPORT_AS,2016-02-02,2016,2,32,0.3687003841229181,0.20758361075544202,
ALICE_SPRINGS_AIRPORT_AS,2016-02-10,2016,2,40,0.32012408546986865,0.18153691605908598,
ALICE_SPRINGS_AIRPORT_AS,2016-02-26,2016,2,56,0.3454996904181243,0.20345809272293036,
ALICE_SPRINGS_AIRPORT_AS,2016-03-05,2016,3,64,0.3424366833511419,0.22221378625124175,
ALICE_SPRINGS_AIRPORT_AS,2016-03-13,2016,3,72,0.3761524215070066,0.22198007962317526,
ALICE_SPRINGS_AIRPORT_AS,2016-03-21,2016,3,80,0.3183592814371257,0.20248383233532924,
ALICE_SPRINGS_AIRPORT_AS,2016-03-29,2016,3,88,0.2748611449608128,0.17661963339704173,
ALICE_SPRINGS_AIRPORT_AS,2016-04-06,2016,4,96,0.2608109989998612,0.17235007406094463,
ALICE_SPRINGS_AIRPORT_AS,2016-04-14,2016,4,104,0.2585059199636086,0.1678108138844308,
ALICE_SPRINGS_AIRPORT_AS,2016-04-22,2016,4,112,0.27520234529348,0.17776253903511563,
ALICE_SPRINGS_AIRPORT_AS,2016-04-30,2016,4,120,0.23022121427123537,0.1536122795459151,
ALICE_SPRINGS_AIRPORT_AS,2016-05-08,2016,5,128,0.25704740029233675,0.1746903320108583,
ALICE_SPRINGS_AIRPORT_AS,2016-05-16,2016,5,136,0.28360279986600145,0.20541989174321615,
ALICE_SPRINGS_AIRPORT_AS,2016-05-24,2016,5,144,0.305543063043536,0.246831296903362,
ALICE_SPRINGS_AIRPORT_AS,2016-06-01,2016,6,152,0.38984941079394464,0.2807526881720429,
ALICE_SPRINGS_AIRPORT_AS,2016-06-09,2016,6,160,0.38871334830929205,0.3205757862378815,
ALICE_SPRINGS_AIRPORT_AS,2016-06-17,2016,6,168,0.35345638751756164,0.2892816540132249,
ALICE_SPRINGS_AIRPORT_AS,2016-06-25,2016,6,176,0.34130959451092263,0.2812289768634933,
ALICE_SPRINGS_AIRPORT_AS,2016-07-03,2016,7,184,0.30174216027874523,0.24878835978835948,
ALICE_SPRINGS_AIRPORT_AS,2016-07-11,2016,7,192,0.2646506262359924,0.22099272349272303,
ALICE_SPRINGS_AIRPORT_AS,2016-07-19,2016,7,200,0.2305449904598245,0.18737019674244013,
ALICE_SPRINGS_AIRPORT_AS,2016-07-27,2016,7,208,0.25876321528318036,0.18323925879637307,
ALICE_SPRINGS_AIRPORT_AS,2016-08-04,2016,8,216,0.25501082966940364,0.16222364888525756,
ALICE_SPRINGS_AIRPORT_AS,2016-08-12,2016,8,224,0.25195415661052095,0.16816740166036973,
ALICE_SPRINGS_AIRPORT_AS,2016-08-20,2016,8,232,0.2519806921998008,0.1585421852689573,
ALICE_SPRINGS_AIRPORT_AS,2016-08-28,2016,8,240,0.22238466495659598,0.14020887299561532,
ALICE_SPRINGS_AIRPORT_AS,2016-09-05,2016,9,248,0.23374189716827423,0.14939953752258697,
ALICE_SPRINGS_AIRPORT_AS,2016-09-13,2016,9,256,0.26126410352387597,0.1679277846104489,
ALICE_SPRINGS_AIRPORT_AS,2016-09-21,2016,9,264,0.28782774611759016,0.150222519870102,
ALICE_SPRINGS_AIRPORT_AS,2016-09-29,2016,9,272,0.31371763605807423,0.18046285649300603,
ALICE_SPRINGS_AIRPORT_AS,2016-10-07,2016,10,280,0.2894034546810037,0.15622310112586701,
ALICE_SPRINGS_AIRPORT_AS,2016-10-15,2016,10,288,0.2715168310790194,0.1512405929014544,
ALICE_SPRINGS_AIRPORT_AS,2016-10-23,2016,10,296,0.25969262657667924,0.1419852885417459,
ALICE_SPRINGS_AIRPORT_AS,2016-10-31,2016,10,304,0.25575705957503075,0.14361459052262154,
ALICE_SPRINGS_AIRPORT_AS,2016-11-08,2016,11,312,0.2502996950992789,0.1358509704766863,
ALICE_SPRINGS_AIRPORT_AS,2016-11-16,2016,11,320,0.2430412795782061,0.1389247284571808,
ALICE_SPRINGS_AIRPORT_AS,2016-11-24,2016,11,328,0.2506317550180137,0.1417920741121978,
ALICE_SPRINGS_AIRPORT_AS,2016-12-02,2016,12,336,0.2492418762519476,0.1418164366792789,
ALICE_SPRINGS_AIRPORT_AS,2016-12-10,2016,12,344,0.30673887663769545,0.1702988714489556,
ALICE_SPRINGS_AIRPORT_AS,2016-12-18,2016,12,352,0.3384445991267471,0.18940682148959037,
ALICE_SPRINGS_AIRPORT_AS,2016-12-26,2016,12,360,0.6139667270430285,0.2862344936757029,
ALICE_SPRINGS_AIRPORT_AS,2017-01-01,2017,1,0,0.7300666770041849,0.3621781154700985,
ALICE_SPRINGS_AIRPORT_AS,2017-01-09,2017,1,8,0.6619235499077658,0.3135034074605454,
ALICE_SPRINGS_AIRPORT_AS,2017-01-17,2017,1,16,0.689626388963443,0.3315559074561168,
ALICE_SPRINGS_AIRPORT_AS,2017-01-25,2017,1,24,0.752585422563687,0.3618640062676908,
ALICE_SPRINGS_AIRPORT_AS,2017-02-02,2017,2,32,0.5743470217198124,0.30386149431147774,
ALICE_SPRINGS_AIRPORT_AS,2017-02-10,2017,2,40,0.3958849731429314,0.2596507271059873,
ALICE_SPRINGS_AIRPORT_AS,2017-02-18,2017,2,48,0.3274655985038974,0.21181680334601127,
ALICE_SPRINGS_AIRPORT_AS,2017-02-26,2017,2,56,0.2944275262512792,0.18512503316948628,
ALICE_SPRINGS_AIRPORT_AS,2017-03-06,2017,3,64,0.29005454209293685,0.17194795390114645,
ALICE_SPRINGS_AIRPORT_AS,2017-03-14,2017,3,72,0.2752144960133437,0.17392966805241364,
ALICE_SPRINGS_AIRPORT_AS,2017-03-22,2017,3,80,0.2386403991964235,0.16464662043937472,
ALICE_SPRINGS_AIRPORT_AS,2017-03-30,2017,3,88,0.24349285886886543,0.16587569471823338,
ALICE_SPRINGS_AIRPORT_AS,2017-04-07,2017,4,96,0.23828551470778503,0.16482355832664947,
ALICE_SPRINGS_AIRPORT_AS,2017-04-15,2017,4,104,0.23432981576492584,0.15746312383395497,
ALICE_SPRINGS_AIRPORT_AS,2017-04-23,2017,4,112,0.2462844178034235,0.1672129632223183,
ALICE_SPRINGS_AIRPORT_AS,2017-05-01,2017,5,120,0.2700451105017754,0.17538306018524333,
ALICE_SPRINGS_AIRPORT_AS,2017-05-09,2017,5,128,0.23759713921075634,0.18619479649730183,
ALICE_SPRINGS_AIRPORT_AS,2017-05-17,2017,5,136,0.24145869925068608,0.17867802221407877,
ALICE_SPRINGS_AIRPORT_AS,2017-05-25,2017,5,144,0.22385662177328905,0.17585479797979767,
ALICE_SPRINGS_AIRPORT_AS,2017-06-02,2017,6,152,0.22201876037879856,0.17555121703095283,
ALICE_SPRINGS_AIRPORT_AS,2017-06-10,2017,6,160,0.225218395026103,0.18578910779401334,
ALICE_SPRINGS_AIRPORT_AS,2017-06-18,2017,6,168,0.21905148861646295,0.17942290718038495,
ALICE_SPRINGS_AIRPORT_AS,2017-06-26,2017,6,176,0.22663930027903043,0.18475866602275134,
ALICE_SPRINGS_AIRPORT_AS,2017-07-04,2017,7,184,0.22239911074268084,0.17136742153057777,
ALICE_SPRINGS_AIRPORT_AS,2017-07-12,2017,7,192,0.23124020425704092,0.19361380757368896,
ALICE_SPRINGS_AIRPORT_AS,2017-07-20,2017,7,200,0.24656364118828916,0.18051024147386227,
ALICE_SPRINGS_AIRPORT_AS,2017-07-28,2017,7,208,0.22546483740361595,0.17305361425587285,
ALICE_SPRINGS_AIRPORT_AS,2017-08-05,2017,8,216,0.2488921870030747,0.16425341884872233,
ALICE_SPRINGS_AIRPORT_AS,2017-08-13,2017,8,224,0.22646230050923122,0.16734429295290515,
ALICE_SPRINGS_AIRPORT_AS,2017-08-21,2017,8,232,0.24757578437938357,0.16365091800502898,
ALICE_SPRINGS_AIRPORT_AS,2017-08-29,2017,8,240,0.22392120193583512,0.15932953411086773,
ALICE_SPRINGS_AIRPORT_AS,2017-09-06,2017,9,248,0.2220312999041846,0.15606042797828115,
ALICE_SPRINGS_AIRPORT_AS,2017-09-14,2017,9,256,0.22544636651966857,0.1550992557399004,
ALICE_SPRINGS_AIRPORT_AS,2017-09-22,2017,9,264,0.2505894691618547,0.14527944502710416,
ALICE_SPRINGS_AIRPORT_AS,2017-09-30,2017,9,272,0.22211830453977133,0.14024523438895556,
ALICE_SPRINGS_AIRPORT_AS,2017-10-08,2017,10,280,0.2485082344424627,0.14315545903461813,
ALICE_SPRINGS_AIRPORT_AS,2017-10-16,2017,10,288,0.22905015226373895,0.13825471638509457,
ALICE_SPRINGS_AIRPORT_AS,2017-10-24,2017,10,296,0.24012433818976797,0.1388919496076524,
ALICE_SPRINGS_AIRPORT_AS,2017-11-01,2017,11,304,0.23049939344925285,0.13574896380913884,
ALICE_SPRINGS_AIRPORT_AS,2017-11-09,2017,11,312,0.25496490229558005,0.14493075317776533,
ALICE_SPRINGS_AIRPORT_AS,2017-11-17,2017,11,320,0.31421856045289037,0.17303793469470305,
ALICE_SPRINGS_AIRPORT_AS,2017-11-25,2017,11,328,0.35066088758592723,0.19233837949858454,
ALICE_SPRINGS_AIRPORT_AS,2017-12-03,2017,12,336,0.3115954564534386,0.17347761934441644,
ALICE_SPRINGS_AIRPORT_AS,2017-12-11,2017,12,344,0.27200105561786664,0.15230890017813545,
ALICE_SPRINGS_AIRPORT_AS,2017-12-19,2017,12,352,0.23411468966925347,0.13523006839526341,
ALICE_SPRINGS_AIRPORT_AS,2017-12-27,2017,12,360,0.247233551798825,0.14312368147168844,
ALICE_SPRINGS_AIRPORT_AS,2018-01-01,2018,1,0,0.23417933505562924,0.1365924521933298,
ALICE_SPRINGS_AIRPORT_AS,2018-01-09,2018,1,8,0.2367739850410915,0.13231816922650744,
ALICE_SPRINGS_AIRPORT_AS,2018-01-17,2018,1,16,0.2734469773554389,0.1535782703194501,
ALICE_SPRINGS_AIRPORT_AS,2018-01-25,2018,1,24,0.25435198623187527,0.14697435172936396,
ALICE_SPRINGS_AIRPORT_AS,2018-02-02,2018,2,32,0.2533903659522852,0.14706088253133848,
ALICE_SPRINGS_AIRPORT_AS,2018-02-10,2018,2,40,0.23410345662956392,0.13879496104757177,
ALICE_SPRINGS_AIRPORT_AS,2018-02-18,2018,2,48,0.2198586090263772,0.1286900285975583,
ALICE_SPRINGS_AIRPORT_AS,2018-02-26,2018,2,56,0.23267036480117337,0.14402797609269757,
ALICE_SPRINGS_AIRPORT_AS,2018-03-06,2018,3,64,0.23167942802089203,0.13056551391917257,
ALICE_SPRINGS_AIRPORT_AS,2018-03-14,2018,3,72,0.30207483036176835,0.18394382036669624,
ALICE_SPRINGS_AIRPORT_AS,2018-03-22,2018,3,80,0.3123112498262546,0.19992532127016982,
ALICE_SPRINGS_AIRPORT_AS,2018-03-30,2018,3,88,0.28283273733557424,0.18200672234928383,
ALICE_SPRINGS_AIRPORT_AS,2018-04-07,2018,4,96,0.23853093923350138,0.15405489076182421,
ALICE_SPRINGS_AIRPORT_AS,2018-04-15,2018,4,104,0.23885315710332528,0.15612390856594094,
ALICE_SPRINGS_AIRPORT_AS,2018-04-23,2018,4,112,0.23627288694575443,0.14979997220081123,
ALICE_SPRINGS_AIRPORT_AS,2018-05-01,2018,5,120,0.22731410058623952,0.14717666872364504,
ALICE_SPRINGS_AIRPORT_AS,2018-05-09,2018,5,128,0.22575847559357662,0.1489213914757578,
ALICE_SPRINGS_AIRPORT_AS,2018-05-17,2018,5,136,0.2178786691770183,0.15114747469642031,
ALICE_SPRINGS_AIRPORT_AS,2018-05-25,2018,5,144,0.21278376212944095,0.15271813915631224,
ALICE_SPRINGS_AIRPORT_AS,2018-06-02,2018,6,152,0.18381455413892092,0.14042431670857589,
ALICE_SPRINGS_AIRPORT_AS,2018-06-10,2018,6,160,0.19258183667460785,0.1419426674874869,
ALICE_SPRINGS_AIRPORT_AS,2018-06-18,2018,6,168,0.18680799300548748,0.14433837225509696,
ALICE_SPRINGS_AIRPORT_AS,2018-06-26,2018,6,176,0.17742108352259742,0.14456439635593438,
ALICE_SPRINGS_AIRPORT_AS,2018-07-04,2018,7,184,0.19024880273948458,0.14344242408926075,
ALICE_SPRINGS_AIRPORT_AS,2018-07-12,2018,7,192,0.20556615575127393,0.15119637599666397,
ALICE_SPRINGS_AIRPORT_AS,2018-07-20,2018,7,200,0.21183866361718073,0.1484217642376073,
ALICE_SPRINGS_AIRPORT_AS,2018-07-28,2018,7,208,0.20620048269500574,0.14964353858401036,
ALICE_SPRINGS_AIRPORT_AS,2018-08-05,2018,8,216,0.21888449437066487,0.14571083789282152,
ALICE_SPRINGS_AIRPORT_AS,2018-08-13,2018,8,224,0.22547416570843756,0.14920772312007985,
ALICE_SPRINGS_AIRPORT_AS,2018-08-21,2018,8,232,0.2196312816689628,0.14603495116187964,
ALICE_SPRINGS_AIRPORT_AS,2018-08-29,2018,8,240,0.22757679525897515,0.15098636576150826,
ALICE_SPRINGS_AIRPORT_AS,2018-09-06,2018,9,248,0.22513173024678185,0.1482060678047485,
ALICE_SPRINGS_AIRPORT_AS,2018-09-14,2018,9,256,0.2130567735250642,0.14492791164912347,
ALICE_SPRINGS_AIRPORT_AS,2018-09-22,2018,9,264,0.22821364940168629,0.14090208367555823,
ALICE_SPRINGS_AIRPORT_AS,2018-09-30,2018,9,272,0.22230632178824683,0.12903107191144697,
ALICE_SPRINGS_AIRPORT_AS,2018-10-08,2018,10,280,0.22457744598049148,0.13130117386714824,
ALICE_SPRINGS_AIRPORT_AS,2018-10-16,2018,10,288,0.22264243925245544,0.131472977924917,
ALICE_SPRINGS_AIRPORT_AS,2018-10-24,2018,10,296,0.20952957543281212,0.12184395610057705,
ALICE_SPRINGS_AIRPORT_AS,2018-11-01,2018,11,304,0.19543446835849757,0.106421056858336,
ALICE_SPRINGS_AIRPORT_AS,2018-11-09,2018,11,312,0.22353848630375972,0.12843425535910716,
ALICE_SPRINGS_AIRPORT_AS,2018-11-17,2018,11,320,0.23240577578884733,0.12538938400882327,
ALICE_SPRINGS_AIRPORT_AS,2018-11-25,2018,11,328,0.2882493429033559,0.16239208451273757,
ALICE_SPRINGS_AIRPORT_AS,2018-12-03,2018,12,336,0.2748973555251426,0.15037996850764507,
ALICE_SPRINGS_AIRPORT_AS,2018-12-11,2018,12,344,0.2534482540725671,0.14598809508764388,
ALICE_SPRINGS_AIRPORT_AS,2018-12-19,2018,12,352,0.23198149809799504,0.1365937037926372,
ALICE_SPRINGS_AIRPORT_AS,2018-12-27,2018,12,360,0.2430775841368941,0.14161765263437265,
ALICE_SPRINGS_AIRPORT_AS,2019-01-01,2019,1,0,0.2371213365854896,0.13862903939236934,
ALICE_SPRINGS_AIRPORT_AS,2019-01-09,2019,1,8,0.22368707035988736,0.1346283613020623,
ALICE_SPRINGS_AIRPORT_AS,2019-01-17,2019,1,16,0.22789375252729557,0.13551708451273756,
ALICE_SPRINGS_AIRPORT_AS,2019-01-25,2019,1,24,0.21991243759844162,0.1308932432793187,
ALICE_SPRINGS_AIRPORT_AS,2019-02-02,2019,2,32,0.2328911684114386,0.1375930583854423,
ALICE_SPRINGS_AIRPORT_AS,2019-02-10,2019,2,40,0.21308836351230184,0.1342454415648417,
ALICE_SPRINGS_AIRPORT_AS,2019-02-18,2019,2,48,0.23265520160729936,0.1370663010652143,
ALICE_SPRINGS_AIRPORT_AS,2019-02-26,2019,2,56,0.21599437148217707,0.1425491861467472,
ALICE_SPRINGS_AIRPORT_AS,2019-03-06,2019,3,64,0.22667584882295783,0.1417008049128747,
ALICE_SPRINGS_AIRPORT_AS,2019-03-14,2019,3,72,0.21337406825211774,0.14599323056640118,
ALICE_SPRINGS_AIRPORT_AS,2019-03-22,2019,3,80,0.21998003512806685,0.14280695990598827,
ALICE_SPRINGS_AIRPORT_AS,2019-03-30,2019,3,88,0.23091522511024984,0.15448072378978728,
ALICE_SPRINGS_AIRPORT_AS,2019-04-07,2019,4,96,0.232088822862505,0.1525975735303699,
ALICE_SPRINGS_AIRPORT_AS,2019-04-15,2019,4,104,0.22635073779795756,0.15154568671963659,
ALICE_SPRINGS_AIRPORT_AS,2019-04-23,2019,4,112,0.22105030389567787,0.14615208683455688,
ALICE_SPRINGS_AIRPORT_AS,2019-05-01,2019,5,120,0.22638990513600646,0.1494157969730811,
ALICE_SPRINGS_AIRPORT_AS,2019-05-09,2019,5,128,0.22273594561467855,0.14667041534515232,
ALICE_SPRINGS_AIRPORT_AS,2019-05-17,2019,5,136,0.20184106445621075,0.13653862191839675,
ALICE_SPRINGS_AIRPORT_AS,2019-05-25,2019,5,144,0.22092946605141814,0.14551835606713656,
ALICE_SPRINGS_AIRPORT_AS,2019-06-02,2019,6,152,0.21016084332668628,0.14967740682224362,
ALICE_SPRINGS_AIRPORT_AS,2019-06-10,2019,6,160,0.19191337891237578,0.12999482531518536,
ALICE_SPRINGS_AIRPORT_AS,2019-06-18,2019,6,168,0.18495344558430035,0.1436982883586083,
ALICE_SPRINGS_AIRPORT_AS,2019-06-26,2019,6,176,0.17207950567988042,0.12886351861913842,
ALICE_SPRINGS_AIRPORT_AS,2019-07-04,2019,7,184,0.18292517652161017,0.13856966674346427,
ALICE_SPRINGS_AIRPORT_AS,2019-07-12,2019,7,192,0.1969218716435646,0.13752612491944544,
ALICE_SPRINGS_AIRPORT_AS,2019-07-20,2019,7,200,0.20308047259266854,0.1392876882511029,
ALICE_SPRINGS_AIRPORT_AS,2019-07-28,2019,7,208,0.19780488115072128,0.12976675272482166,
ALICE_SPRINGS_AIRPORT_AS,2019-08-05,2019,8,216,0.21427867423141617,0.14211488646558598,
ALICE_SPRINGS_AIRPORT_AS,2019-08-13,2019,8,224,0.21285838840521176,0.1397110147967501,
ALICE_SPRINGS_AIRPORT_AS,2019-08-21,2019,8,232,0.22332604657627805,0.1465637675482379,
ALICE_SPRINGS_AIRPORT_AS,2019-08-29,2019,8,240,0.21562819848620854,0.14236381556501837,
ALICE_SPRINGS_AIRPORT_AS,2019-09-06,2019,9,248,0.21502040713175613,0.1447090562175412,
ALICE_SPRINGS_AIRPORT_AS,2019-09-14,2019,9,256,0.2212297350231879,0.13782433439896893,
ALICE_SPRINGS_AIRPORT_AS,2019-09-22,2019,9,264,0.2173125766057199,0.12736413146489084,
ALICE_SPRINGS_AIRPORT_AS,2019-09-30,2019,9,272,0.22833242775370016,0.13457284019257262,
ALICE_SPRINGS_AIRPORT_AS,2019-10-08,2019,10,280,0.2206914416406586,0.1317627212878606,
ALICE_SPRINGS_AIRPORT_AS,2019-10-16,2019,10,288,0.21727087782256624,0.13347123415762147,
ALICE_SPRINGS_AIRPORT_AS,2019-10-24,2019,10,296,0.21297740019585742,0.12801752534052324,
ALICE_SPRINGS_AIRPORT_AS,2019-11-01,2019,11,304,0.22547471757309037,0.1309467784988677,
ALICE_SPRINGS_AIRPORT_AS,2019-11-09,2019,11,312,0.21743454306510407,0.13060642438334016,
ALICE_SPRINGS_AIRPORT_AS,2019-11-17,2019,11,320,0.22508213708046979,0.13206138799029518,
ALICE_SPRINGS_AIRPORT_AS,2019-11-25,2019,11,328,0.2121356381940931,0.12340045004617525,
ALICE_SPRINGS_AIRPORT_AS,2019-12-03,2019,12,336,0.22457820971349932,0.13108862967128787,
ALICE_SPRINGS_AIRPORT_AS,2019-12-11,2019,12,344,0.21804820099334077,0.12875327005952453,
ALICE_SPRINGS_AIRPORT_AS,2019-12-19,2019,12,352,0.2214822259157623,0.13079046036102193,
ALICE_SPRINGS_AIRPORT_AS,2019-12-27,2019,12,360,0.22150073628273326,0.13330456495294193,
ALICE_SPRINGS_AIRPORT_AS,2020-01-01,2020,1,0,0.21195052204562143,0.12334867327259429,
ALICE_SPRINGS_AIRPORT_AS,2020-01-09,2020,1,8,0.2097028963655429,0.12729706055514867,
ALICE_SPRINGS_AIRPORT_AS,2020-01-17,2020,1,16,0.2260466362221605,0.13315623644666694,
ALICE_SPRINGS_AIRPORT_AS,2020-01-25,2020,1,24,0.19993611312236537,0.11359172026065835,
ALICE_SPRINGS_AIRPORT_AS,2020-02-02,2020,2,32,0.23768828018240767,0.138971733022156,
ALICE_SPRINGS_AIRPORT_AS,2020-02-10,2020,2,40,0.20726939146790893,0.12616842170179293,
ALICE_SPRINGS_AIRPORT_AS,2020-02-18,2020,2,48,0.22547107101675412,0.13561744556738778,
ALICE_SPRINGS_AIRPORT_AS,2020-02-26,2020,2,56,0.20632306676506074,0.131130487694359,
ALICE_SPRINGS_AIRPORT_AS,2020-03-05,2020,3,64,0.2340426338467767,0.15241537042419015,
ALICE_SPRINGS_AIRPORT_AS,2020-03-13,2020,3,72,0.23977053033270634,0.16229242219386103,
ALICE_SPRINGS_AIRPORT_AS,2020-03-21,2020,3,80,0.23473255916804703,0.1625102667458517,
ALICE_SPRINGS_AIRPORT_AS,2020-03-29,2020,3,88,0.22777391677933842,0.1537799315129073,
ALICE_SPRINGS_AIRPORT_AS,2020-04-06,2020,4,96,0.2385827468125709,0.1592477792238969,
ALICE_SPRINGS_AIRPORT_AS,2020-04-14,2020,4,104,0.22552739682740403,0.1531495923655435,
ALICE_SPRINGS_AIRPORT_AS,2020-04-22,2020,4,112,0.22008716066356296,0.15130572380964713,
ALICE_SPRINGS_AIRPORT_AS,2020-04-30,2020,4,120,0.22842972491439203,0.15210818938829146,
ALICE_SPRINGS_AIRPORT_AS,2020-05-08,2020,5,128,0.21731257660571973,0.15082197146792328,
ALICE_SPRINGS_AIRPORT_AS,2020-05-16,2020,5,136,0.19772173012042182,0.12949215936516772,
ALICE_SPRINGS_AIRPORT_AS,2020-05-24,2020,5,144,0.20300523273263557,0.14612164472224748,
ALICE_SPRINGS_AIRPORT_AS,2020-06-01,2020,6,152,0.20091183826594494,0.14854718111713205,
ALICE_SPRINGS_AIRPORT_AS,2020-06-09,2020,6,160,0.19460822097827948,0.13577907226525476,
ALICE_SPRINGS_AIRPORT_AS,2020-06-17,2020,6,168,0.18658815501838621,0.1429920772312008,
ALICE_SPRINGS_AIRPORT_AS,2020-06-25,2020,6,176,0.19403407654583224,0.14154342990039945,
ALICE_SPRINGS_AIRPORT_AS,2020-07-03,2020,7,184,0.20126520615418,0.14852654226600442,
ALICE_SPRINGS_AIRPORT_AS,2020-07-11,2020,7,192,0.20241637375322716,0.14663484610695318,
ALICE_SPRINGS_AIRPORT_AS,2020-07-19,2020,7,200,0.2042606820326197,0.14515042458552346,
ALICE_SPRINGS_AIRPORT_AS,2020-07-27,2020,7,208,0.21296073996386175,0.1507517153363069,
ALICE_SPRINGS_AIRPORT_AS,2020-08-04,2020,8,216,0.2222093711334665,0.14583342299209207,
ALICE_SPRINGS_AIRPORT_AS,2020-08-12,2020,8,224,0.21495343635881234,0.14630586689242986,
ALICE_SPRINGS_AIRPORT_AS,2020-08-20,2020,8,232,0.21598832434071782,0.14572562200684863,
ALICE_SPRINGS_AIRPORT_AS,2020-08-28,2020,8,240,0.22517755454603725,0.15065237699149017,
ALICE_SPRINGS_AIRPORT_AS,2020-09-05,2020,9,248,0.2043581546393064,0.14052489922794054,
ALICE_SPRINGS_AIRPORT_AS,2020-09-13,2020,9,256,0.22929655416419273,0.147409747406462,
ALICE_SPRINGS_AIRPORT_AS,2020-09-21,2020,9,264,0.20935393040737862,0.12772803595877133,
ALICE_SPRINGS_AIRPORT_AS,2020-09-29,2020,9,272,0.21542096816992973,0.13220536018903464,
ALICE_SPRINGS_AIRPORT_AS,2020-10-07,2020,10,280,0.21985695511524558,0.13238197533360305,
ALICE_SPRINGS_AIRPORT_AS,2020-10-15,2020,10,288,0.20840398278002376,0.12871616089586146,
ALICE_SPRINGS_AIRPORT_AS,2020-10-23,2020,10,296,0.21984685246193658,0.13226948369945438,
ALICE_SPRINGS_AIRPORT_AS,2020-10-31,2020,10,304,0.22376001622882735,0.13311796328228018,
ALICE_SPRINGS_AIRPORT_AS,2020-11-08,2020,11,312,0.20677062272543573,0.12504877678932477,
ALICE_SPRINGS_AIRPORT_AS,2020-11-16,2020,11,320,0.22731108504997014,0.1354738170507852,
ALICE_SPRINGS_AIRPORT_AS,2020-11-24,2020,11,328,0.2187696979750172,0.13066491431779598,
ALICE_SPRINGS_AIRPORT_AS,2020-12-02,2020,12,336,0.21328247317031607,0.12264126505166671,
ALICE_SPRINGS_AIRPORT_AS,2020-12-10,2020,12,344,0.21561527205002093,0.12546268458161505,
ALICE_SPRINGS_AIRPORT_AS,2020-12-18,2020,12,352,0.21324071779472076,0.12735273108937453,
ALICE_SPRINGS_AIRPORT_AS,2020-12-26,2020,12,360,0.27863343781845384,0.1615610850973264,
ALICE_SPRINGS_AIRPORT_AS,2021-01-01,2021,1,0,0.37434444233533043,0.20871749328849973,
ALICE_SPRINGS_AIRPORT_AS,2021-01-09,2021,1,8,0.38375707642539403,0.21550381621512352,
ALICE_SPRINGS_AIRPORT_AS,2021-01-17,2021,1,16,0.305517346977836,0.17200699238238648,
ALICE_SPRINGS_AIRPORT_AS,2021-01-25,2021,1,24,0.2987339125586583,0.17651535566603171,
ALICE_SPRINGS_AIRPORT_AS,2021-02-02,2021,2,32,0.277505851989677,0.1648757577576377,
ALICE_SPRINGS_AIRPORT_AS,2021-02-10,2021,2,40,0.3312493578547206,0.20680905167985184,
ALICE_SPRINGS_AIRPORT_AS,2021-02-18,2021,2,48,0.3656723755364516,0.21211697646918162,
ALICE_SPRINGS_AIRPORT_AS,2021-02-26,2021,2,56,0.2734530383249729,0.17639014897837962,
ALICE_SPRINGS_AIRPORT_AS,2021-03-06,2021,3,64,0.2691674323273732,0.1586378896035056,
ALICE_SPRINGS_AIRPORT_AS,2021-03-14,2021,3,72,0.30599052009609695,0.1941419388351401,
ALICE_SPRINGS_AIRPORT_AS,2021-03-22,2021,3,80,0.6748429977634278,0.379953246818888,
ALICE_SPRINGS_AIRPORT_AS,2021-03-30,2021,3,88,0.7469414574356503,0.4149993050202802,
ALICE_SPRINGS_AIRPORT_AS,2021-04-07,2021,4,96,0.7272194860540477,0.4055631969785895,
ALICE_SPRINGS_AIRPORT_AS,2021-04-15,2021,4,104,0.5407055939549391,0.3212005458749791,
ALICE_SPRINGS_AIRPORT_AS,2021-04-23,2021,4,112,0.5133259202163275,0.30737613566004063,
ALICE_SPRINGS_AIRPORT_AS,2021-05-01,2021,5,120,0.3820587818423115,0.24947828215799644,
ALICE_SPRINGS_AIRPORT_AS,2021-05-09,2021,5,128,0.37118487724130944,0.2528615474039348,
ALICE_SPRINGS_AIRPORT_AS,2021-05-17,2021,5,136,0.2706757358082766,0.22077248744517206,
ALICE_SPRINGS_AIRPORT_AS,2021-05-25,2021,5,144,0.24304665140240445,0.2100682598740698,
ALICE_SPRINGS_AIRPORT_AS,2021-06-02,2021,6,152,0.24023673882770039,0.20713140903911864,
ALICE_SPRINGS_AIRPORT_AS,2021-06-10,2021,6,160,0.2343159107795422,0.20072374107264715,
ALICE_SPRINGS_AIRPORT_AS,2021-06-18,2021,6,168,0.25498889937989644,0.20721195804731155,
ALICE_SPRINGS_AIRPORT_AS,2021-06-26,2021,6,176,0.23768439221934579,0.20114386244439997,
ALICE_SPRINGS_AIRPORT_AS,2021-07-04,2021,7,184,0.21644654661819876,0.18383219413605792,
ALICE_SPRINGS_AIRPORT_AS,2021-07-12,2021,7,192,0.21556980464584002,0.1805560180006761,
ALICE_SPRINGS_AIRPORT_AS,2021-07-20,2021,7,200,0.2072408051656228,0.16369065829193305,
ALICE_SPRINGS_AIRPORT_AS,2021-07-28,2021,7,208,0.23218766979618194,0.17489695346163062,
ALICE_SPRINGS_AIRPORT_AS,2021-08-05,2021,8,216,0.21158973451774796,0.15587118866803934,
ALICE_SPRINGS_AIRPORT_AS,2021-08-13,2021,8,224,0.23788271269538488,0.16245100392979372,
ALICE_SPRINGS_AIRPORT_AS,2021-08-21,2021,8,232,0.21010247791859973,0.15126258860991362,
ALICE_SPRINGS_AIRPORT_AS,2021-08-29,2021,8,240,0.2204414076365304,0.15535431773236608,
ALICE_SPRINGS_AIRPORT_AS,2021-09-06,2021,9,248,0.21661001528955476,0.15304451661001475,
ALICE_SPRINGS_AIRPORT_AS,2021-09-14,2021,9,256,0.22436235485016065,0.15367565032199118,
ALICE_SPRINGS_AIRPORT_AS,2021-09-22,2021,9,264,0.21422433945336783,0.14525455211716082,
ALICE_SPRINGS_AIRPORT_AS,2021-09-30,2021,9,272,0.23626530534881715,0.1429704696799302,
ALICE_SPRINGS_AIRPORT_AS,2021-10-08,2021,10,280,0.21917512225325142,0.133313789661229,
ALICE_SPRINGS_AIRPORT_AS,2021-10-16,2021,10,288,0.223492841708893,0.13684605567419358,
ALICE_SPRINGS_AIRPORT_AS,2021-10-24,2021,10,296,0.2104047054020271,0.13203016152491784,
ALICE_SPRINGS_AIRPORT_AS,2021-11-01,2021,11,304,0.2394975309711522,0.1314573334488435,
ALICE_SPRINGS_AIRPORT_AS,2021-11-09,2021,11,312,0.2848377738973691,0.15956303160029306,
ALICE_SPRINGS_AIRPORT_AS,2021-11-17,2021,11,320,0.48237126863259727,0.2546515235743563,
ALICE_SPRINGS_AIRPORT_AS,2021-11-25,2021,11,328,0.613213960776384,0.3071301304084113,
ALICE_SPRINGS_AIRPORT_AS,2021-12-03,2021,12,336,0.6598392457694575,0.31895105336989904,
ALICE_SPRINGS_AIRPORT_AS,2021-12-11,2021,12,344,0.6000253575413323,0.2903146870879401,
ALICE_SPRINGS_AIRPORT_AS,2021-12-19,2021,12,352,0.5373871589410694,0.26440828177299913,
ALICE_SPRINGS_AIRPORT_AS,2021-12-27,2021,12,360,0.43302945570153556,0.22783110532296577,
ALICE_SPRINGS_AIRPORT_AS,2022-01-01,2022,1,0,0.38539740016151247,0.21662385703493392,
ALICE_SPRINGS_AIRPORT_AS,2022-01-09,2022,1,8,0.33929843688594136,0.1914125074479279,
ALICE_SPRINGS_AIRPORT_AS,2022-01-17,2022,1,16,0.5044764381302723,0.28459478657956483,
ALICE_SPRINGS_AIRPORT_AS,2022-01-25,2022,1,24,0.6369536352058082,0.3171216432268383,
ALICE_SPRINGS_AIRPORT_AS,2022-02-02,2022,2,32,0.8112158453645147,0.38724522398547,
ALICE_SPRINGS_AIRPORT_AS,2022-02-10,2022,2,40,0.9037819532720907,0.42069775963810474,
ALICE_SPRINGS_AIRPORT_AS,2022-02-18,2022,2,48,0.9026661949228575,0.41911965023566106,
ALICE_SPRINGS_AIRPORT_AS,2022-02-26,2022,2,56,0.7926521689685238,0.3807892442411451,
ALICE_SPRINGS_AIRPORT_AS,2022-03-06,2022,3,64,0.6941053083814532,0.3511032487142874,
ALICE_SPRINGS_AIRPORT_AS,2022-03-14,2022,3,72,0.5758576681535011,0.3196732331720135,
ALICE_SPRINGS_AIRPORT_AS,2022-03-22,2022,3,80,0.5140651259176897,0.3002623232540213,
ALICE_SPRINGS_AIRPORT_AS,2022-03-30,2022,3,88,0.466431215961789,0.28186317744727596,
ALICE_SPRINGS_AIRPORT_AS,2022-04-07,2022,4,96,0.44556413399208983,0.2702390730234144,
ALICE_SPRINGS_AIRPORT_AS,2022-04-15,2022,4,104,0.4130176019408882,0.25783848671325144,
ALICE_SPRINGS_AIRPORT_AS,2022-04-23,2022,4,112,0.3880361813707166,0.24751485008182036,
ALICE_SPRINGS_AIRPORT_AS,2022-05-01,2022,5,120,0.3450444292549549,0.23808009328133162,
ALICE_SPRINGS_AIRPORT_AS,2022-05-09,2022,5,128,0.3719127105472646,0.25310352670617486,
ALICE_SPRINGS_AIRPORT_AS,2022-05-17,2022,5,136,0.32332478297678724,0.24087251544750382,
ALICE_SPRINGS_AIRPORT_AS,2022-05-25,2022,5,144,0.30429223977339415,0.2439039732564368,
ALICE_SPRINGS_AIRPORT_AS,2022-06-02,2022,6,152,0.26645345284171973,0.22021986826916537,
ALICE_SPRINGS_AIRPORT_AS,2022-06-10,2022,6,160,0.26679042393740665,0.2161019209878579,
ALICE_SPRINGS_AIRPORT_AS,2022-06-18,2022,6,168,0.2557605544070425,0.21076569021336317,
ALICE_SPRINGS_AIRPORT_AS,2022-06-26,2022,6,176,0.2581874420043302,0.20428312197133724,
ALICE_SPRINGS_AIRPORT_AS,2022-07-04,2022,7,184,0.232725392128624,0.193701982246196,
ALICE_SPRINGS_AIRPORT_AS,2022-07-12,2022,7,192,0.24282616157518674,0.19734889381221324,
ALICE_SPRINGS_AIRPORT_AS,2022-07-20,2022,7,200,0.2182811171430447,0.17642684282817686,
ALICE_SPRINGS_AIRPORT_AS,2022-07-28,2022,7,208,0.21901784328937218,0.17119131109387112,
ALICE_SPRINGS_AIRPORT_AS,2022-08-05,2022,8,216,0.2471183613641823,0.17263928025373054,
ALICE_SPRINGS_AIRPORT_AS,2022-08-13,2022,8,224,0.2547634155184917,0.17387856538554478,
ALICE_SPRINGS_AIRPORT_AS,2022-08-21,2022,8,232,0.24362071797723062,0.16342498641630498,
ALICE_SPRINGS_AIRPORT_AS,2022-08-29,2022,8,240,0.2477907888413976,0.16475151116619016,
ALICE_SPRINGS_AIRPORT_AS,2022-09-06,2022,9,248,0.22046492212163168,0.14848404602259352,
ALICE_SPRINGS_AIRPORT_AS,2022-09-14,2022,9,256,0.24683026068057531,0.16484994756062082,
ALICE_SPRINGS_AIRPORT_AS,2022-09-22,2022,9,264,0.25871441387937727,0.14930944287898504,
ALICE_SPRINGS_AIRPORT_AS,2022-09-30,2022,9,272,0.24250204070885076,0.15304802907022638,
ALICE_SPRINGS_AIRPORT_AS,2022-10-08,2022,10,280,0.25526478727302643,0.14518998218324727,
ALICE_SPRINGS_AIRPORT_AS,2022-10-24,2022,10,296,0.2706490773297749,0.15372686908092306,
ALICE_SPRINGS_AIRPORT_AS,2022-11-01,2022,11,304,0.27468282450465037,0.15168444197331166,
ALICE_SPRINGS_AIRPORT_AS,2022-11-09,2022,11,312,0.2524765152571602,0.14685374171219964,
ALICE_SPRINGS_AIRPORT_AS,2022-11-17,2022,11,320,0.28097312063500274,0.1600475478700102,
ALICE_SPRINGS_AIRPORT_AS,2022-11-25,2022,11,328,0.41902632099742704,0.22658024935681748,
ALICE_SPRINGS_AIRPORT_AS,2022-12-03,2022,12,336,0.3633492136004692,0.19611551262807536,
ALICE_SPRINGS_AIRPORT_AS,2022-12-11,2022,12,344,0.3055543384409187,0.17282588244390895,
ALICE_SPRINGS_AIRPORT_AS,2022-12-19,2022,12,352,0.27821970199994706,0.1372331412180286,
ALICE_SPRINGS_AIRPORT_AS,2022-12-27,2022,12,360,0.5531538316701189,0.27430572252074803,
ALICE_SPRINGS_AIRPORT_AS,2023-01-01,2023,1,0,0.4719044220114881,0.25697427007919527,
ALICE_SPRINGS_AIRPORT_AS,2023-01-09,2023,1,8,0.7969486074314238,0.3769061647356557,
ALICE_SPRINGS_AIRPORT_AS,2023-01-17,2023,1,16,0.7778634249898889,0.3849493277395873,
ALICE_SPRINGS_AIRPORT_AS,2023-01-25,2023,1,24,0.6371585400261628,0.304799035575961,
ALICE_SPRINGS_AIRPORT_AS,2023-02-02,2023,2,32,0.7391920238576609,0.38529215527699145,
ALICE_SPRINGS_AIRPORT_AS,2023-02-10,2023,2,40,0.6859462464777143,0.35172418150343104,
ALICE_SPRINGS_AIRPORT_AS,2023-02-18,2023,2,48,0.5525152679793612,0.31200629146046055,
ALICE_SPRINGS_AIRPORT_AS,2023-02-26,2023,2,56,0.45788909587363125,0.2737974328221089,
ALICE_SPRINGS_AIRPORT_AS,2023-03-06,2023,3,64,0.3944616434374959,0.24696609762569602,
ALICE_SPRINGS_AIRPORT_AS,2023-03-14,2023,3,72,0.35933989562668167,0.2260419009590718,
ALICE_SPRINGS_AIRPORT_AS,2023-03-22,2023,3,80,0.3146707181139389,0.2013789681024868,
ALICE_SPRINGS_AIRPORT_AS,2023-03-30,2023,3,88,0.33461284517690815,0.22430938725839186,
ALICE_SPRINGS_AIRPORT_AS,2023-04-07,2023,4,96,0.43736337330519703,0.26689356701499883,
ALICE_SPRINGS_AIRPORT_AS,2023-04-15,2023,4,104,0.5038004690372063,0.2949227356278126,
ALICE_SPRINGS_AIRPORT_AS,2023-04-23,2023,4,112,0.42087719076561414,0.2997082348778734,
ALICE_SPRINGS_AIRPORT_AS,2023-05-01,2023,5,120,0.39601871115303505,0.30611549743497,
ALICE_SPRINGS_AIRPORT_AS,2023-05-09,2023,5,128,0.33932700691188744,0.26131793426755434,
ALICE_SPRINGS_AIRPORT_AS,2023-05-17,2023,5,136,0.28097355188773016,0.2222801909036674,
ALICE_SPRINGS_AIRPORT_AS,2023-05-25,2023,5,144,0.2493350263109673,0.20795271879990526,
ALICE_SPRINGS_AIRPORT_AS,2023-06-02,2023,6,152,0.2584716079053005,0.19749201032904648,
ALICE_SPRINGS_AIRPORT_AS,2023-06-10,2023,6,160,0.24941432163661453,0.19740823108707437,
ALICE_SPRINGS_AIRPORT_AS,2023-06-18,2023,6,168,0.22178438661710084,0.18743723191306796,
ALICE_SPRINGS_AIRPORT_AS,2023-06-26,2023,6,176,,,
ALICE_SPRINGS_AIRPORT_AS,2023-07-04,2023,7,184,0.15232225585790557,0.13164355839507605,
ALICE_SPRINGS_AIRPORT_AS,2023-07-12,2023,7,192,0.15373564379098217,0.13222994169999053,
ALICE_SPRINGS_AIRPORT_AS,2023-07-20,2023,7,200,0.16524533084140922,0.14062187175975138,
ALICE_SPRINGS_AIRPORT_AS,2023-07-28,2023,7,208,0.17836014062560432,0.1500825467142288,
ALICE_SPRINGS_AIRPORT_AS,2023-08-05,2023,8,216,0.2026421865325574,0.1529666788814617,
ALICE_SPRINGS_AIRPORT_AS,2023-08-13,2023,8,224,0.21767902045767662,0.15609105497921374,
ALICE_SPRINGS_AIRPORT_AS,2023-08-21,2023,8,232,0.23332490933673738,0.1625398349739067,
ALICE_SPRINGS_AIRPORT_AS,2023-08-29,2023,8,240,0.24298512743400927,0.15414018372736588,
ALICE_SPRINGS_AIRPORT_AS,2023-09-06,2023,9,248,0.23261775686595473,0.1468852605738253,
ALICE_SPRINGS_AIRPORT_AS,2023-09-14,2023,9,256,0.23574343875965167,0.1512943049571009,
ALICE_SPRINGS_AIRPORT_AS,2023-09-22,2023,9,264,0.23255790444660723,0.15250546506779225,
ALICE_SPRINGS_AIRPORT_AS,2023-09-30,2023,9,272,0.22362312590375275,0.1460752429031686,
ALICE_SPRINGS_AIRPORT_AS,2023-10-08,2023,10,280,0.2357333299637353,0.15218665891658964,
ALICE_SPRINGS_AIRPORT_AS,2023-10-16,2023,10,288,0.24549589961965695,0.13632696900390462,
ALICE_SPRINGS_AIRPORT_AS,2023-10-24,2023,10,296,0.2442942165051369,0.1374798771781297,
ALICE_SPRINGS_AIRPORT_AS,2023-11-01,2023,11,304,0.2500379094217553,0.1360713202587951,
ALICE_SPRINGS_AIRPORT_AS,2023-11-09,2023,11,312,0.24970051556813647,0.14292825010109192,
ALICE_SPRINGS_AIRPORT_AS,2023-11-17,2023,11,320,0.2506279171716655,0.13779867969777482,
ALICE_SPRINGS_AIRPORT_AS,2023-11-25,2023,11,328,0.44875398211900147,0.2540617613811524,
ALICE_SPRINGS_AIRPORT_AS,2023-12-03,2023,12,336,0.546665487128288,0.28173493245036496,
ALICE_SPRINGS_AIRPORT_AS,2023-12-11,2023,12,344,0.36780352976975267,0.21099338168171186,
ALICE_SPRINGS_AIRPORT_AS,2023-12-19,2023,12,352,0.2818721801660621,0.1806512315644469,
ALICE_SPRINGS_AIRPORT_AS,2023-12-27,2023,12,360,0.2460310639857452,0.166138107093659,
ALICE_SPRINGS_AIRPORT_AS,2024-01-01,2024,1,0,0.26922692697406914,0.15632444235132947,
ALICE_SPRINGS_AIRPORT_AS,2024-01-09,2024,1,8,0.31150681786292816,0.17053752056838906,
ALICE_SPRINGS_AIRPORT_AS,2024-01-17,2024,1,16,0.2392202507515213,0.14949648068040192,
ALICE_SPRINGS_AIRPORT_AS,2024-01-25,2024,1,24,0.26172285685402363,0.17303515467044037,
ALICE_SPRINGS_AIRPORT_AS,2024-02-02,2024,2,32,0.22745357742341651,0.15733935690306297,
ALICE_SPRINGS_AIRPORT_AS,2024-02-10,2024,2,40,0.250701244758738,0.17018336203157183,
ALICE_SPRINGS_AIRPORT_AS,2024-02-18,2024,2,48,0.2283046285649309,0.1564732938247889,
ALICE_SPRINGS_AIRPORT_AS,2024-02-26,2024,2,56,0.2522789513609425,0.15954562402766886,
ALICE_SPRINGS_AIRPORT_AS,2024-03-05,2024,3,64,0.4338027770307567,0.264435606006992,
ALICE_SPRINGS_AIRPORT_AS,2024-03-13,2024,3,72,0.4045982385423114,0.2584392019105621,
ALICE_SPRINGS_AIRPORT_AS,2024-03-21,2024,3,80,0.3489851868229054,0.20964389417053567,
ALICE_SPRINGS_AIRPORT_AS,2024-03-29,2024,3,88,0.6719089197487954,0.38073844754166675,
ALICE_SPRINGS_AIRPORT_AS,2024-04-06,2024,4,96,0.6413639292889721,0.41808804761242857,
ALICE_SPRINGS_AIRPORT_AS,2024-04-14,2024,4,104,0.6469920014152312,0.4400243874701475,
ALICE_SPRINGS_AIRPORT_AS,2024-04-22,2024,4,112,0.598842542867613,0.4237679273177576,
ALICE_SPRINGS_AIRPORT_AS,2024-04-30,2024,4,120,0.5512983484754669,0.40535336559724044,
ALICE_SPRINGS_AIRPORT_AS,2024-05-08,2024,5,128,0.5216745220434931,0.3904537585766814,
ALICE_SPRINGS_AIRPORT_AS,2024-05-16,2024,5,136,0.4941938439221774,0.37753044319179535,
ALICE_SPRINGS_AIRPORT_AS,2024-05-24,2024,5,144,0.36070711027432684,0.30294355501080367,
ALICE_SPRINGS_AIRPORT_AS,2024-06-01,2024,6,152,0.31117943906273715,0.2674879545569817,
ALICE_SPRINGS_AIRPORT_AS,2024-06-09,2024,6,160,0.31067730458793497,0.2651227963041631,
ALICE_SPRINGS_AIRPORT_AS,2024-06-17,2024,6,168,0.3289960962228311,0.28038351972990105,
ALICE_SPRINGS_AIRPORT_AS,2024-06-25,2024,6,176,0.2699508138532528,0.2265055017494042,
ALICE_SPRINGS_AIRPORT_AS,2024-07-03,2024,7,184,0.27143370228882996,0.22817269076305247,
ALICE_SPRINGS_AIRPORT_AS,2024-07-11,2024,7,192,0.2295745460518835,0.19115303453417376,
ALICE_SPRINGS_AIRPORT_AS,2024-07-19,2024,7,200,0.229280510018215,0.18871303439408527,
ALICE_SPRINGS_AIRPORT_AS,2024-07-27,2024,7,208,0.22219133423470136,0.18791190184359172,
ALICE_SPRINGS_AIRPORT_AS,2024-08-04,2024,8,216,0.21301100738470152,0.17322168036784136,
ALICE_SPRINGS_AIRPORT_AS,2024-08-12,2024,8,224,0.23288391311489962,0.1924167603836285,
ALICE_SPRINGS_AIRPORT_AS,2024-08-20,2024,8,232,0.2500511757793255,0.19259025259353782,
ALICE_SPRINGS_AIRPORT_AS,2024-08-28,2024,8,240,0.26253680233513194,0.2154491464385447,
ALICE_SPRINGS_AIRPORT_AS,2024-09-05,2024,9,248,0.30151513056941703,0.18655916059554573,
ALICE_SPRINGS_AIRPORT_AS,2024-09-13,2024,9,256,0.31835757338353976,0.20217073756302162,
ALICE_SPRINGS_AIRPORT_AS,2024-09-21,2024,9,264,0.29591731004940647,0.19156180896902902,
ALICE_SPRINGS_AIRPORT_AS,2024-09-29,2024,9,272,0.29635400478384794,0.18600764875201015,
ALICE_SPRINGS_AIRPORT_AS,2024-10-07,2024,10,280,0.2684062219638866,0.17523597720466483,
ALICE_SPRINGS_AIRPORT_AS,2024-10-15,2024,10,288,0.2926420601726072,0.18003057910764567,
ALICE_SPRINGS_AIRPORT_AS,2024-10-23,2024,10,296,0.2605592691340555,0.1736734100759417,
ALICE_SPRINGS_AIRPORT_AS,2024-10-31,2024,10,304,0.2453017589971699,0.16165790537808303,
ALICE_SPRINGS_AIRPORT_AS,2024-11-08,2024,11,312,0.22894977620613738,0.12914760503474373,
ALICE_SPRINGS_AIRPORT_AS,2024-11-16,2024,11,320,0.22189648200566198,0.1541687727456527,
ALICE_SPRINGS_AIRPORT_AS,2024-11-24,2024,11,328,0.20915969378671934,0.12321790991632547,
ALICE_SPRINGS_AIRPORT_AS,2024-12-02,2024,12,336,0.24245784923522296,0.135974650862575,
ALICE_SPRINGS_AIRPORT_AS,2024-12-10,2024,12,344,0.2785863232524939,0.17599883731216864,
ALICE_SPRINGS_AIRPORT_AS,2024-12-18,2024,12,352,0.2603232777686514,0.15848218686415505,
ALICE_SPRINGS_AIRPORT_AS,2024-12-26,2024,12,360,0.2440595498376036,0.16356970439925655,
