name,date,year,month,doy,NDVI,EVI,VCI
ABERPORTH_UK,2000-02-18,2000,2,48,0.6563967289719629,0.4973785259133391,60.12570401732969
ABERPORTH_UK,2000-03-05,2000,3,64,0.6901996078870716,0.49559958548061844,63.14190632436983
ABERPORTH_UK,2000-03-21,2000,3,80,0.675919141116162,0.48054454009091796,64.97788850445056
ABERPORTH_UK,2000-04-06,2000,4,96,0.7178818268045151,0.4804358816276201,71.0183845099032
ABERPORTH_UK,2000-04-22,2000,4,112,0.7573224197949007,0.4947873647567974,75.44099185677956
ABERPORTH_UK,2000-05-08,2000,5,128,0.6907765489913542,0.56265659221902,69.80745194081362
ABERPORTH_UK,2000-05-24,2000,5,144,0.7187324927953892,0.5373545839337176,71.93246188067623
ABERPORTH_UK,2000-06-09,2000,6,160,0.7761744051388763,0.5381255315299015,78.08917358160402
ABERPORTH_UK,2000-06-25,2000,6,176,0.737070393584662,0.5598527882754172,71.54048953946295
ABERPORTH_UK,2000-07-11,2000,7,192,0.7259109420028818,0.4766820515129682,71.20888975396204
ABERPORTH_UK,2000-07-27,2000,7,208,0.7624769833399445,0.5408214597381991,74.82522944168872
ABERPORTH_UK,2000-08-12,2000,8,224,0.7032399765850142,0.4742444074207493,70.46883674091461
ABERPORTH_UK,2000-08-28,2000,8,240,0.7424275910892956,0.517285614498773,72.76841190391747
ABERPORTH_UK,2000-09-13,2000,9,256,0.7443197227144795,0.5127756280621288,71.74233949646326
ABERPORTH_UK,2000-09-29,2000,9,272,0.6803634490238613,0.46216375271149673,64.50314926341217
ABERPORTH_UK,2000-10-15,2000,10,288,0.7220139350752175,0.3911026693812917,66.49212663669276
ABERPORTH_UK,2000-10-31,2000,10,304,0.6617347404233873,0.2688783896169355,60.74605345501286
ABERPORTH_UK,2000-11-16,2000,11,320,0.5069219686162625,0.12673131241084165,43.25437949011564
ABERPORTH_UK,2000-12-02,2000,12,336,0.627276259289843,0.3472708505367465,51.27749677327923
ABERPORTH_UK,2000-12-18,2000,12,352,0.633959014064498,0.4213556329024009,45.825672664788335
ABERPORTH_UK,2001-01-01,2001,1,0,0.6507074261684029,0.3670384497753989,57.9631773357398
ABERPORTH_UK,2001-01-17,2001,1,16,0.5854730173539837,0.3458837562978167,48.3441583785746
ABERPORTH_UK,2001-02-02,2001,2,32,0.5730077269452447,0.34803966138328535,50.14642388972709
ABERPORTH_UK,2001-02-18,2001,2,48,0.6169306940731863,0.3562329615632777,55.31319207959575
ABERPORTH_UK,2001-03-06,2001,3,64,0.6542976519640116,0.43248266403335534,55.138012900646785
ABERPORTH_UK,2001-03-22,2001,3,80,0.6941670409882088,0.4200872543514879,52.10949565529475
ABERPORTH_UK,2001-04-07,2001,4,96,0.7251704549745139,0.4825417406078912,70.8509178584315
ABERPORTH_UK,2001-04-23,2001,4,112,0.6643240796677363,0.4773617330564472,63.70259677683523
ABERPORTH_UK,2001-05-09,2001,5,128,0.7771299225976966,0.5501213045119882,77.24165740401733
ABERPORTH_UK,2001-05-25,2001,5,144,0.7364643190421691,0.5220315432696541,75.39510552964369
ABERPORTH_UK,2001-06-10,2001,6,160,0.7443609690201732,0.5319299981988472,75.29507390784975
ABERPORTH_UK,2001-06-26,2001,6,176,0.7597283748014823,0.609451826363155,69.90858619333574
ABERPORTH_UK,2001-07-12,2001,7,192,0.7065302055488986,0.4880084247396072,68.76822321031482
ABERPORTH_UK,2001-07-28,2001,7,208,0.7127825708482447,0.5191312119160462,67.86146872970005
ABERPORTH_UK,2001-08-13,2001,8,224,0.7045640549344131,0.48491301170877715,72.07642164433369
ABERPORTH_UK,2001-08-29,2001,8,240,0.6757491433418154,0.45176943172179806,68.98130368209533
ABERPORTH_UK,2001-09-14,2001,9,256,0.7376516007350807,0.5330049714672601,72.5708458593704
ABERPORTH_UK,2001-09-30,2001,9,272,0.6810998006295909,0.4007721930745017,66.78728529605046
ABERPORTH_UK,2001-10-16,2001,10,288,0.7077333679441192,0.4802075703228241,70.57881638988636
ABERPORTH_UK,2001-11-01,2001,11,304,0.7369809767541055,0.4963198443164856,72.393423829745
ABERPORTH_UK,2001-11-17,2001,11,320,0.617472688629118,0.4455072263549415,47.963233462732504
ABERPORTH_UK,2001-12-03,2001,12,336,0.6704240359168243,0.45576529300567115,62.42373610302036
ABERPORTH_UK,2001-12-19,2001,12,352,0.5496265570572664,0.3248916399609865,45.11985818063136
ABERPORTH_UK,2002-01-01,2002,1,0,0.6839842164948456,0.419999381443299,60.62763576737337
ABERPORTH_UK,2002-01-17,2002,1,16,0.6409977933594554,0.3803114250360899,54.488212768610886
ABERPORTH_UK,2002-02-02,2002,2,32,0.730986376314096,0.4949554709289853,67.45936929834885
ABERPORTH_UK,2002-02-18,2002,2,48,0.703398694380614,0.4873804992688533,62.94366961533546
ABERPORTH_UK,2002-03-06,2002,3,64,0.668830080278557,0.49757229906180467,61.084188644181836
ABERPORTH_UK,2002-03-22,2002,3,80,0.724924619240409,0.5288299980721034,70.13374736487202
ABERPORTH_UK,2002-04-07,2002,4,96,0.7095863213199374,0.5202815374688912,69.99834574730886
ABERPORTH_UK,2002-04-23,2002,4,112,0.8137504363347877,0.6162100555335185,83.23869951193835
ABERPORTH_UK,2002-05-09,2002,5,128,0.7314706154427034,0.5463941570700397,73.69854817219847
ABERPORTH_UK,2002-05-25,2002,5,144,0.7359894614294391,0.5875715326989269,70.65561414322687
ABERPORTH_UK,2002-06-10,2002,6,160,0.7017737118628445,0.520241967001567,68.55216601736139
ABERPORTH_UK,2002-06-26,2002,6,176,0.7295446384746084,0.5314309797998868,71.40840999457266
ABERPORTH_UK,2002-07-12,2002,7,192,0.7553478760897792,0.5750313763680206,75.35020296126588
ABERPORTH_UK,2002-07-28,2002,7,208,0.7049509929789369,0.5409131193580743,68.75367493730403
ABERPORTH_UK,2002-08-13,2002,8,224,0.653851652892562,0.43033933884297526,60.63256775270967
ABERPORTH_UK,2002-08-29,2002,8,240,0.7204239376901096,0.4955797585030878,72.44379202347692
ABERPORTH_UK,2002-09-14,2002,9,256,0.741228657730791,0.5034063998489711,73.62999711650828
ABERPORTH_UK,2002-09-30,2002,9,272,0.6791695850827363,0.4469632254877749,67.10491117823003
ABERPORTH_UK,2002-10-16,2002,10,288,0.7229408585055643,0.49679493905670374,65.05566577159388
ABERPORTH_UK,2002-11-01,2002,11,304,0.6544864761540667,0.43326840294370655,60.188829282393655
ABERPORTH_UK,2002-11-17,2002,11,320,0.54725182790643,0.2987603620547784,47.6035649634205
ABERPORTH_UK,2002-12-03,2002,12,336,0.6753728191200438,0.45555058120586644,58.36511626183125
ABERPORTH_UK,2002-12-19,2002,12,352,,,
ABERPORTH_UK,2003-01-01,2003,1,0,0.6038547748123437,0.39817261259382825,52.48933664366703
ABERPORTH_UK,2003-01-17,2003,1,16,0.6368315637245757,0.4132503078932637,57.418129639908365
ABERPORTH_UK,2003-02-02,2003,2,32,0.6526194069813566,0.410259321697739,57.36819726729581
ABERPORTH_UK,2003-02-18,2003,2,48,0.5674679916776173,0.379481055628559,46.34889509698353
ABERPORTH_UK,2003-03-06,2003,3,64,0.6340369958409903,0.42772065963826295,55.3753853146556
ABERPORTH_UK,2003-03-22,2003,3,80,0.61908872905737,0.4207806143171434,59.75444115793731
ABERPORTH_UK,2003-04-07,2003,4,96,0.6763026175305663,0.47404631479249176,65.45280988312093
ABERPORTH_UK,2003-04-23,2003,4,112,0.8097322973111133,0.5973725283713321,82.28727367513928
ABERPORTH_UK,2003-05-09,2003,5,128,0.7549211037301992,0.5622566428206438,74.83263136450903
ABERPORTH_UK,2003-05-25,2003,5,144,0.6843956320450887,0.5874974637681161,66.60118458529026
ABERPORTH_UK,2003-06-10,2003,6,160,0.7327138128356367,0.5566957478651291,74.096232087672
ABERPORTH_UK,2003-06-26,2003,6,176,0.7577256831158239,0.5997182096247963,72.76684246544772
ABERPORTH_UK,2003-07-12,2003,7,192,0.6613700792147406,0.4594507404856206,64.6228097635835
ABERPORTH_UK,2003-07-28,2003,7,208,0.6962034012351368,0.44883734906442974,66.23373978562589
ABERPORTH_UK,2003-08-13,2003,8,224,0.6997669276979191,0.4750921797897449,65.35226605252514
ABERPORTH_UK,2003-08-29,2003,8,240,0.6470870121951219,0.4582720528455285,58.57830607581665
ABERPORTH_UK,2003-09-14,2003,9,256,0.6907987162544835,0.4545149896167643,64.95007016508069
ABERPORTH_UK,2003-09-30,2003,9,272,0.7360960474308301,0.46693910847606507,71.79970243068506
ABERPORTH_UK,2003-10-16,2003,10,288,0.6954004322766569,0.4571886797550431,66.97509053846814
ABERPORTH_UK,2003-11-01,2003,11,304,0.7000894918835849,0.48830727115550876,65.11953398442944
ABERPORTH_UK,2003-11-17,2003,11,320,0.691625517820489,0.41327506997574176,65.649350660868
ABERPORTH_UK,2003-12-03,2003,12,336,0.6797148474576272,0.4358921065375303,62.185898684845554
ABERPORTH_UK,2003-12-19,2003,12,352,0.6405169099557159,0.43507979334098756,44.41991048334527
ABERPORTH_UK,2004-01-01,2004,1,0,0.6040539042339674,0.38400029628213717,52.59514063415399
ABERPORTH_UK,2004-01-17,2004,1,16,0.6299797707680249,0.37696455721003125,55.57747101468709
ABERPORTH_UK,2004-02-02,2004,2,32,0.6038543772563176,0.3426784296028881,53.62836666586993
ABERPORTH_UK,2004-02-18,2004,2,48,0.6058698322510823,0.43623073593073597,57.78546191600871
ABERPORTH_UK,2004-03-05,2004,3,64,0.6552703080620494,0.46460261088048943,57.78473286529884
ABERPORTH_UK,2004-03-21,2004,3,80,0.6805729075763582,0.47963620587068634,62.37609982209824
ABERPORTH_UK,2004-04-06,2004,4,96,0.7718808328884144,0.5903580352375867,74.2751167428366
ABERPORTH_UK,2004-04-22,2004,4,112,0.7923814411560924,0.5847124121548055,79.03386729766292
ABERPORTH_UK,2004-05-08,2004,5,128,0.7259258555475504,0.5702304304755044,71.27333699805861
ABERPORTH_UK,2004-05-24,2004,5,144,0.7202429789765967,0.5288103629512099,67.8812315011509
ABERPORTH_UK,2004-06-09,2004,6,160,0.7348254509379509,0.5412042297979799,72.71709534103104
ABERPORTH_UK,2004-06-25,2004,6,176,0.7446941580423637,0.5539689718541444,73.60206975575288
ABERPORTH_UK,2004-07-11,2004,7,192,0.6742316429211919,0.446294779316529,60.63553232859624
ABERPORTH_UK,2004-07-27,2004,7,208,0.6946470463949289,0.43493797869530754,67.28472849577129
ABERPORTH_UK,2004-08-12,2004,8,224,0.7090589046911489,0.45865271704521343,71.18720179509221
ABERPORTH_UK,2004-08-28,2004,8,240,0.7468865194831622,0.5380878827958083,71.1546695419643
ABERPORTH_UK,2004-09-13,2004,9,256,0.7507000108601217,0.5316735556038228,71.95720472579598
ABERPORTH_UK,2004-09-29,2004,9,272,0.7686298219895288,0.4983652670157067,74.63474639619051
ABERPORTH_UK,2004-10-15,2004,10,288,0.6962629940235203,0.4512121168305378,67.08377051960572
ABERPORTH_UK,2004-10-31,2004,10,304,0.7335278408520047,0.48211375464684025,70.39139623923234
ABERPORTH_UK,2004-11-16,2004,11,320,0.705083558195731,0.432640445026178,65.03574177309262
ABERPORTH_UK,2004-12-02,2004,12,336,0.6005189586271746,0.3535690879172543,48.35162915350357
ABERPORTH_UK,2004-12-18,2004,12,352,0.6934034499054823,0.38145652173913047,64.175049709202
ABERPORTH_UK,2005-01-01,2005,1,0,0.6095750278499814,0.41560657259561823,55.7416681386328
ABERPORTH_UK,2005-01-17,2005,1,16,0.6568584344094047,0.41125864900167947,61.297731401226706
ABERPORTH_UK,2005-02-02,2005,2,32,0.6842596921375241,0.4352304175500045,64.76792329409352
ABERPORTH_UK,2005-02-18,2005,2,48,0.6798103781797078,0.4249074378566591,62.238131842211516
ABERPORTH_UK,2005-03-06,2005,3,64,0.6600323772636871,0.49010994452004614,56.761101806179674
ABERPORTH_UK,2005-03-22,2005,3,80,0.7643014591439691,0.512833180933852,76.20502528202663
ABERPORTH_UK,2005-04-07,2005,4,96,0.7640349464498215,0.5691337068623563,76.70949483448555
ABERPORTH_UK,2005-04-23,2005,4,112,0.7335951385963432,0.5207287808576964,75.43459842250758
ABERPORTH_UK,2005-05-09,2005,5,128,0.709584021480764,0.511881010652346,70.13919819858458
ABERPORTH_UK,2005-05-25,2005,5,144,0.6981416084576176,0.5366977251274305,66.50202217924556
ABERPORTH_UK,2005-06-10,2005,6,160,0.7636143244027469,0.5627017216365219,75.87991950322403
ABERPORTH_UK,2005-06-26,2005,6,176,0.7311544308357347,0.5092119596541786,72.79525555659346
ABERPORTH_UK,2005-07-12,2005,7,192,0.6995096790221603,0.49163069661134856,64.52665049117887
ABERPORTH_UK,2005-07-28,2005,7,208,0.729172532030602,0.4737905521246199,71.96433193552336
ABERPORTH_UK,2005-08-13,2005,8,224,0.6649015230213927,0.4667980896205653,65.20715469971954
ABERPORTH_UK,2005-08-29,2005,8,240,,,
ABERPORTH_UK,2005-09-14,2005,9,256,0.7797989491221327,0.5390043701140588,74.32042231273475
ABERPORTH_UK,2005-09-30,2005,9,272,0.7121516141212005,0.4939130734377949,69.62333295148956
ABERPORTH_UK,2005-10-16,2005,10,288,0.7556764290550343,0.5458807331463391,74.11984481940738
ABERPORTH_UK,2005-11-01,2005,11,304,0.7254447471543202,0.4708713752565777,71.62559516721257
ABERPORTH_UK,2005-11-17,2005,11,320,0.7217076320208994,0.4293018660197798,68.641838742567
ABERPORTH_UK,2005-12-03,2005,12,336,0.6410175836820085,0.4234176569037657,53.33931622433702
ABERPORTH_UK,2005-12-19,2005,12,352,0.6499728451261754,0.4383344581890154,54.95066844799648
ABERPORTH_UK,2006-01-01,2006,1,0,0.6569666539233491,0.37344545541431706,57.93113264892425
ABERPORTH_UK,2006-01-17,2006,1,16,0.6463490299149383,0.3566609003153971,56.18269317165821
ABERPORTH_UK,2006-02-02,2006,2,32,0.6020397669848399,0.3318625350926445,45.65374808894013
ABERPORTH_UK,2006-02-18,2006,2,48,0.6431677179774138,0.40195393224132664,54.10983439016048
ABERPORTH_UK,2006-03-06,2006,3,64,0.598450530002765,0.3683470181583557,52.02954597629736
ABERPORTH_UK,2006-03-22,2006,3,80,0.6652276949216537,0.4210500188786104,62.28596370184157
ABERPORTH_UK,2006-04-07,2006,4,96,0.6380632204610951,0.4482777467579253,59.572566305538814
ABERPORTH_UK,2006-04-23,2006,4,112,0.7404551407292776,0.5978454782861011,72.89806866105243
ABERPORTH_UK,2006-05-09,2006,5,128,0.7513947028652282,0.5540210205164485,77.71328401878698
ABERPORTH_UK,2006-05-25,2006,5,144,0.7285144160752144,0.5583721264632684,71.33048541695835
ABERPORTH_UK,2006-06-10,2006,6,160,0.7244093702309493,0.528705880557534,67.50509492129147
ABERPORTH_UK,2006-06-26,2006,6,176,0.7357022773485157,0.557202968686458,70.24528886933798
ABERPORTH_UK,2006-07-12,2006,7,192,0.6681180655619595,0.45509019272334283,62.79512544870549
ABERPORTH_UK,2006-07-28,2006,7,208,0.5694329799981566,0.366788201677574,47.55479153990969
ABERPORTH_UK,2006-08-13,2006,8,224,0.6712534133611691,0.4540155636743214,66.25177442235167
ABERPORTH_UK,2006-08-29,2006,8,240,0.7365454622802042,0.5306630743051615,71.62734667819267
ABERPORTH_UK,2006-09-14,2006,9,256,0.7175403998559078,0.4780777467579251,72.36215515491776
ABERPORTH_UK,2006-09-30,2006,9,272,0.7150460858585859,0.48451106601731597,71.91009878336152
ABERPORTH_UK,2006-10-16,2006,10,288,0.7324225659914061,0.44676203806015957,70.28388936794708
ABERPORTH_UK,2006-11-01,2006,11,304,0.7122996810352685,0.48898794313314514,70.91172678063634
ABERPORTH_UK,2006-11-17,2006,11,320,0.687197835663666,0.4603471940241332,65.63121326241458
ABERPORTH_UK,2006-12-03,2006,12,336,0.6485850755166933,0.3841943958664547,56.34970208917817
ABERPORTH_UK,2006-12-19,2006,12,352,0.6761482494666833,0.46552874890199525,56.929409835627325
ABERPORTH_UK,2007-01-01,2007,1,0,0.6645853635942567,0.3983731241315426,60.76815338367272
ABERPORTH_UK,2007-01-17,2007,1,16,0.676352,0.5081284985835695,62.208416410038346
ABERPORTH_UK,2007-02-02,2007,2,32,0.6867625771960552,0.43347208037607166,65.61363749494934
ABERPORTH_UK,2007-02-18,2007,2,48,0.6762520069639231,0.4349697262791372,62.34995504396131
ABERPORTH_UK,2007-03-06,2007,3,64,0.7261461298848406,0.4777063337738344,70.58355138382495
ABERPORTH_UK,2007-03-22,2007,3,80,0.6544851519728149,0.4441723428355673,61.599927353031575
ABERPORTH_UK,2007-04-07,2007,4,96,0.6860145983429394,0.4650246757925072,66.70966202820021
ABERPORTH_UK,2007-04-23,2007,4,112,0.7115537283861672,0.5379497208213257,71.40375354489083
ABERPORTH_UK,2007-05-09,2007,5,128,0.725395145320984,0.6098267539657193,69.8802439364013
ABERPORTH_UK,2007-05-25,2007,5,144,0.7375042492395613,0.5564226103788368,74.09327011053308
ABERPORTH_UK,2007-06-10,2007,6,160,0.7598350720585071,0.5602778016777802,72.95758051607552
ABERPORTH_UK,2007-06-26,2007,6,176,0.737526403716884,0.5263130782918151,72.68658538550334
ABERPORTH_UK,2007-07-12,2007,7,192,0.7378514966887417,0.5871089933774836,71.27762867009464
ABERPORTH_UK,2007-07-28,2007,7,208,0.7229892381123919,0.539073523054755,72.03704384147345
ABERPORTH_UK,2007-08-13,2007,8,224,0.6993378953477126,0.493764648418609,67.76968941600865
ABERPORTH_UK,2007-08-29,2007,8,240,0.7125695328368313,0.5480075539220427,68.50770210956122
ABERPORTH_UK,2007-09-14,2007,9,256,0.7569505509641874,0.5679727272727273,72.28340630217367
ABERPORTH_UK,2007-09-30,2007,9,272,0.6812162945488247,0.44118539893841086,67.42658247428234
ABERPORTH_UK,2007-10-16,2007,10,288,0.6986905169308356,0.45956974063400574,68.26379396239595
ABERPORTH_UK,2007-11-01,2007,11,304,0.7501981458472713,0.46608915225078856,73.20768140159105
ABERPORTH_UK,2007-11-17,2007,11,320,0.7326021943573668,0.48201422413793127,70.30294903523732
ABERPORTH_UK,2007-12-03,2007,12,336,0.6781992966360856,0.44539064220183494,61.542050239114474
ABERPORTH_UK,2007-12-19,2007,12,352,0.6377724198250728,0.4434849679300291,48.27101106458957
ABERPORTH_UK,2008-01-01,2008,1,0,0.6185890559406426,0.3831586644537733,54.422478226389956
ABERPORTH_UK,2008-01-17,2008,1,16,0.629700920846395,0.3803337676332288,55.76213809401687
ABERPORTH_UK,2008-02-02,2008,2,32,0.6364748087381323,0.4048586229145545,58.228007530309846
ABERPORTH_UK,2008-02-18,2008,2,48,0.675914527517168,0.4506286778218396,60.52369677610154
ABERPORTH_UK,2008-03-05,2008,3,64,0.6468148669057958,0.45417866717009625,59.08315534438878
ABERPORTH_UK,2008-03-21,2008,3,80,0.6458418433931487,0.4807948919249592,57.480082046197246
ABERPORTH_UK,2008-04-06,2008,4,96,0.7200529419321685,0.522957001541624,66.82918910257452
ABERPORTH_UK,2008-04-22,2008,4,112,0.7095943865794081,0.5192540418471749,69.95354649034054
ABERPORTH_UK,2008-05-08,2008,5,128,0.7246642250330376,0.5485625165187843,70.99986414023812
ABERPORTH_UK,2008-05-24,2008,5,144,0.7904575948723165,0.5890167463628039,77.4882535877922
ABERPORTH_UK,2008-06-09,2008,6,160,0.6822817515606623,0.5116130009952048,66.23678892984834
ABERPORTH_UK,2008-06-25,2008,6,176,0.6957924056441435,0.5205063439256623,69.54768920781491
ABERPORTH_UK,2008-07-11,2008,7,192,0.7616807724214213,0.5311521338372202,75.226031049321
ABERPORTH_UK,2008-07-27,2008,7,208,0.7111994680336592,0.562726733726666,67.10882324333296
ABERPORTH_UK,2008-08-12,2008,8,224,0.6344892227979275,0.47943803108808286,60.03097967641189
ABERPORTH_UK,2008-08-28,2008,8,240,0.8068000000000001,0.6706000000000001,78.3672624977232
ABERPORTH_UK,2008-09-13,2008,9,256,0.7185404379837644,0.4961886539550689,69.18118192677159
ABERPORTH_UK,2008-09-29,2008,9,272,0.6621920930232557,0.43618009492168963,62.892646545371186
ABERPORTH_UK,2008-10-15,2008,10,288,0.6813669198398852,0.45586190085189354,63.01432999187576
ABERPORTH_UK,2008-10-31,2008,10,304,0.6885831967213116,0.42072715426649854,60.82246238123267
ABERPORTH_UK,2008-11-16,2008,11,320,0.637453206537322,0.37329813628978303,55.79805967701118
ABERPORTH_UK,2008-12-02,2008,12,336,0.6782617997231195,0.3860670327641903,62.04976098047495
ABERPORTH_UK,2008-12-18,2008,12,352,0.5916404779080252,0.34651037871956714,50.26844331944196
ABERPORTH_UK,2009-01-01,2009,1,0,0.6413917096308519,0.38787482986182725,52.683653236314136
ABERPORTH_UK,2009-01-17,2009,1,16,0.5848442202194357,0.32985949255485897,47.07930838516129
ABERPORTH_UK,2009-02-02,2009,2,32,0.5574977709359608,0.32794334975369466,43.47350218840593
ABERPORTH_UK,2009-02-18,2009,2,48,0.5235378765318979,0.311073118772191,41.3877552401659
ABERPORTH_UK,2009-03-06,2009,3,64,0.6598491273304246,0.42106183062276875,57.51038883193517
ABERPORTH_UK,2009-03-22,2009,3,80,0.640251905607184,0.4832349274303017,55.46674674132717
ABERPORTH_UK,2009-04-07,2009,4,96,0.6765791516570605,0.46571606628242096,64.77625282014603
ABERPORTH_UK,2009-04-23,2009,4,112,0.7322077960615053,0.5592408416509307,71.40504383253368
ABERPORTH_UK,2009-05-09,2009,5,128,0.7375324672748909,0.5651739587465291,71.18130909726474
ABERPORTH_UK,2009-05-25,2009,5,144,0.7360034473223339,0.5305499769564015,71.50974425679946
ABERPORTH_UK,2009-06-10,2009,6,160,0.7569529727727355,0.5534800981663272,75.5119876439384
ABERPORTH_UK,2009-06-26,2009,6,176,0.695419482137912,0.644396566048186,64.55182483485093
ABERPORTH_UK,2009-07-12,2009,7,192,0.7316138392464124,0.5136018487542916,75.04691069197929
ABERPORTH_UK,2009-07-28,2009,7,208,0.7369591449850083,0.5229332817487186,71.352602297826
ABERPORTH_UK,2009-08-13,2009,8,224,0.7044170827858082,0.5228885979985849,67.17963310424594
ABERPORTH_UK,2009-08-29,2009,8,240,0.7467147726116593,0.5309257706786042,70.50463292849855
ABERPORTH_UK,2009-09-14,2009,9,256,0.7269657316955218,0.5347285520843408,69.30036643661539
ABERPORTH_UK,2009-09-30,2009,9,272,0.7134604111078171,0.46927040221365746,69.01830525288179
ABERPORTH_UK,2009-10-16,2009,10,288,0.7050904245973645,0.46127412884333796,67.76861006784318
ABERPORTH_UK,2009-11-01,2009,11,304,0.6948385146482553,0.4747985351744727,67.58949753614124
ABERPORTH_UK,2009-11-17,2009,11,320,0.6931767927115988,0.46536908307210023,63.86741369636606
ABERPORTH_UK,2009-12-03,2009,12,336,0.6609068204891558,0.4142941209044764,59.32775776614546
ABERPORTH_UK,2009-12-19,2009,12,352,0.5977679844161796,0.36648494327947756,50.47372952058147
ABERPORTH_UK,2010-01-01,2010,1,0,0.4580308185053381,0.3082477580071175,40.52587402518407
ABERPORTH_UK,2010-01-17,2010,1,16,0.6115922119686801,0.34004611297539167,46.79708785047949
ABERPORTH_UK,2010-02-02,2010,2,32,0.5812730166600556,0.3578933260610868,46.79196268297715
ABERPORTH_UK,2010-02-18,2010,2,48,0.5805565583746839,0.3279337421589739,53.158495526963236
ABERPORTH_UK,2010-03-06,2010,3,64,0.5348480852187694,0.30727301699093235,44.21289481481797
ABERPORTH_UK,2010-03-22,2010,3,80,0.6635211983887211,0.46226470292044314,50.0822282228169
ABERPORTH_UK,2010-04-07,2010,4,96,0.6298592219020172,0.42884774855907765,57.755045479760405
ABERPORTH_UK,2010-04-23,2010,4,112,0.683797363812333,0.5090227486404277,66.15749837918848
ABERPORTH_UK,2010-05-09,2010,5,128,0.7351865067605112,0.5479652065197259,73.57411032255311
ABERPORTH_UK,2010-05-25,2010,5,144,0.7012416409895236,0.5388865481116296,69.45348514905173
ABERPORTH_UK,2010-06-10,2010,6,160,0.7535274397910826,0.5919716413579651,73.54207273676944
ABERPORTH_UK,2010-06-26,2010,6,176,0.6986279481008685,0.5041714973317987,68.97870219973713
ABERPORTH_UK,2010-07-12,2010,7,192,0.7542387075013491,0.5355513896384243,72.63855452598338
ABERPORTH_UK,2010-07-28,2010,7,208,0.7165274716729616,0.513355343257054,71.84189166922272
ABERPORTH_UK,2010-08-13,2010,8,224,0.7321654454865181,0.6064666178194609,66.12479821856671
ABERPORTH_UK,2010-08-29,2010,8,240,0.6981183611392754,0.4702430915291732,67.7475710806372
ABERPORTH_UK,2010-09-14,2010,9,256,0.720761541320778,0.49925362408623464,67.86756515459034
ABERPORTH_UK,2010-09-30,2010,9,272,0.7172358374043689,0.4858172089593511,70.18253422604273
ABERPORTH_UK,2010-10-16,2010,10,288,0.7078874549711818,0.519572946685879,70.65557500075195
ABERPORTH_UK,2010-11-01,2010,11,304,0.7454574827393171,0.47717590968464274,73.77748919458224
ABERPORTH_UK,2010-11-17,2010,11,320,0.6737237558777429,0.437611177507837,59.58475188549377
ABERPORTH_UK,2010-12-03,2010,12,336,0.6013331098738778,0.42463406431087375,47.04648111337751
ABERPORTH_UK,2010-12-19,2010,12,352,,,
ABERPORTH_UK,2011-01-01,2011,1,0,0.5937784742816238,0.23761618774925852,48.96650086792149
ABERPORTH_UK,2011-01-17,2011,1,16,0.6107750699757415,0.3485426665422655,51.35904920908766
ABERPORTH_UK,2011-02-02,2011,2,32,0.5898591792656589,0.3545297936165106,41.07620858564261
ABERPORTH_UK,2011-02-18,2011,2,48,0.6387029693393944,0.39719767869232986,55.728060446611764
ABERPORTH_UK,2011-03-06,2011,3,64,0.635148389592804,0.4229245188122642,54.878599157550994
ABERPORTH_UK,2011-03-22,2011,3,80,0.6433592153374841,0.4174917877260599,56.80992755597797
ABERPORTH_UK,2011-04-07,2011,4,96,0.7094208631140868,0.5149804035103593,70.43686204693715
ABERPORTH_UK,2011-04-23,2011,4,112,0.7579415298696904,0.4876889236757488,77.3422088722728
ABERPORTH_UK,2011-05-09,2011,5,128,0.7034805361525394,0.5613646026052482,67.68935064109125
ABERPORTH_UK,2011-05-25,2011,5,144,0.7343158235806171,0.5346548505658186,71.29091645408883
ABERPORTH_UK,2011-06-10,2011,6,160,0.7147533285714286,0.5599885142857143,67.69051231829299
ABERPORTH_UK,2011-06-26,2011,6,176,0.7573760715273298,0.5187649184256615,75.72057634739214
ABERPORTH_UK,2011-07-12,2011,7,192,0.7536901004700892,0.49852343073094296,74.5094876030927
ABERPORTH_UK,2011-07-28,2011,7,208,0.6957275962096308,0.5056944498162832,64.57185408199194
ABERPORTH_UK,2011-08-13,2011,8,224,0.8239000000000001,0.8109000000000001,65.91707098745329
ABERPORTH_UK,2011-08-29,2011,8,240,0.684378318298969,0.4664500644329897,62.950599912669844
ABERPORTH_UK,2011-09-14,2011,9,256,0.7017146061863824,0.5228295187271471,67.37651799748775
ABERPORTH_UK,2011-09-30,2011,9,272,0.7248183192530013,0.41034255224544236,67.310837634676
ABERPORTH_UK,2011-10-16,2011,10,288,0.7489451481970928,0.5251902680762696,73.00210592793681
ABERPORTH_UK,2011-11-01,2011,11,304,0.7376787553648071,0.505788458667662,73.10817972250946
ABERPORTH_UK,2011-11-17,2011,11,320,0.7053454545454546,0.21601159532215358,65.50149789924374
ABERPORTH_UK,2011-12-03,2011,12,336,0.6536354011847065,0.3664278298330641,55.76280690172706
ABERPORTH_UK,2011-12-19,2011,12,352,,,
ABERPORTH_UK,2012-01-01,2012,1,0,0.6793154319835791,0.40587207501399514,63.29767698423747
ABERPORTH_UK,2012-01-17,2012,1,16,0.7239978304445234,0.4761264945171561,69.87180090062517
ABERPORTH_UK,2012-02-02,2012,2,32,0.657552045652384,0.4241765257761873,60.13848662624848
ABERPORTH_UK,2012-02-18,2012,2,48,0.643460791914717,0.3975943098435555,58.90191306531071
ABERPORTH_UK,2012-03-05,2012,3,64,0.6904974949221396,0.4704099429345198,64.00835141272175
ABERPORTH_UK,2012-03-21,2012,3,80,0.7171631763296156,0.4882340492211264,70.39647491957606
ABERPORTH_UK,2012-04-06,2012,4,96,0.7223681706626391,0.5281552388144232,69.80634646697128
ABERPORTH_UK,2012-04-22,2012,4,112,0.7670071476932007,0.5270794177386593,77.62591081330832
ABERPORTH_UK,2012-05-08,2012,5,128,0.7507545410581294,0.5523070122835866,73.28802271259461
ABERPORTH_UK,2012-05-24,2012,5,144,0.7214303714628078,0.541539754816112,70.51590985602398
ABERPORTH_UK,2012-06-09,2012,6,160,0.7549128935267067,0.5709277679518925,76.03513202286534
ABERPORTH_UK,2012-06-25,2012,6,176,0.7178458645336964,0.5542734683458135,67.63408536607642
ABERPORTH_UK,2012-07-11,2012,7,192,0.7220871436662262,0.5303659146686804,68.65218422836445
ABERPORTH_UK,2012-07-27,2012,7,208,0.7468664142970328,0.5136970772075005,73.74148640338682
ABERPORTH_UK,2012-08-12,2012,8,224,0.7456236980366855,0.5359616093649184,74.96383022039996
ABERPORTH_UK,2012-08-28,2012,8,240,0.7778455275684252,0.5575456069020231,75.62783056048343
ABERPORTH_UK,2012-09-13,2012,9,256,0.6774334062540213,0.5442855230987003,62.677433883105174
ABERPORTH_UK,2012-09-29,2012,9,272,0.7495334076371392,0.4705487303741035,72.5333370199231
ABERPORTH_UK,2012-10-15,2012,10,288,0.7012900082956954,0.49411599225735087,68.2671408422664
ABERPORTH_UK,2012-10-31,2012,10,304,0.6966102444485914,0.45072201903340187,66.91799014083259
ABERPORTH_UK,2012-11-16,2012,11,320,0.7065584530696025,0.41554382347452884,68.17346555251963
ABERPORTH_UK,2012-12-02,2012,12,336,0.6413030584224978,0.42860105103683355,58.47028350941005
ABERPORTH_UK,2012-12-18,2012,12,352,0.6168317210348707,0.32038785151856025,45.54123431831334
ABERPORTH_UK,2013-01-01,2013,1,0,0.6094486740597879,0.41896535679845703,54.5584036017332
ABERPORTH_UK,2013-01-17,2013,1,16,0.6505266547406083,0.45443233452593923,53.528020425042904
ABERPORTH_UK,2013-02-02,2013,2,32,0.659719000396668,0.4024136255454186,58.65226186395326
ABERPORTH_UK,2013-02-18,2013,2,48,0.6239378373150207,0.40335961891865757,54.63339872814336
ABERPORTH_UK,2013-03-06,2013,3,64,0.635244362616167,0.43213571804313533,48.52848866334047
ABERPORTH_UK,2013-03-22,2013,3,80,0.5700891769029888,0.37087278266756935,45.126962211242756
ABERPORTH_UK,2013-04-07,2013,4,96,0.6415484162895928,0.4659585721468074,49.62808630943994
ABERPORTH_UK,2013-04-23,2013,4,112,0.6065851314841499,0.4230106177953892,56.98807013102511
ABERPORTH_UK,2013-05-09,2013,5,128,0.7750024196747322,0.5703754760015869,78.09319807711184
ABERPORTH_UK,2013-05-25,2013,5,144,0.7219265462254586,0.5283849571389068,70.95551022980744
ABERPORTH_UK,2013-06-10,2013,6,160,0.8401892620516336,0.6508643705734523,84.10119370575049
ABERPORTH_UK,2013-06-26,2013,6,176,0.7091307245356102,0.5326409102913988,70.59526807278286
ABERPORTH_UK,2013-07-12,2013,7,192,0.648812751851214,0.43334047701050454,63.26976591267568
ABERPORTH_UK,2013-07-28,2013,7,208,0.6525398417794082,0.4649979477184132,62.25638191822405
ABERPORTH_UK,2013-08-13,2013,8,224,0.7567665093449121,0.5291746271474419,76.1942313324245
ABERPORTH_UK,2013-08-29,2013,8,240,0.7593942048658244,0.5508047718492223,72.49318251213353
ABERPORTH_UK,2013-09-14,2013,9,256,0.7614015871400954,0.5388850951266659,73.04966714588652
ABERPORTH_UK,2013-09-30,2013,9,272,0.7410147016152431,0.5369624818647838,73.87369196585303
ABERPORTH_UK,2013-10-16,2013,10,288,0.7790137247315988,0.4968486700841475,78.35546369495371
ABERPORTH_UK,2013-11-01,2013,11,304,0.709312658094435,0.3660551433389544,68.21806720673804
ABERPORTH_UK,2013-11-17,2013,11,320,0.7336964254993789,0.4777158654305648,72.61546778380013
ABERPORTH_UK,2013-12-03,2013,12,336,0.6083912702561421,0.45978389963408256,59.372845613241864
ABERPORTH_UK,2013-12-19,2013,12,352,0.5715525023908193,0.43530884603124015,48.061709885310925
ABERPORTH_UK,2014-01-01,2014,1,0,0.6652867140226257,0.4020405682715074,60.08237483715242
ABERPORTH_UK,2014-01-17,2014,1,16,0.6569247403090952,0.47005653661008373,56.11000404895194
ABERPORTH_UK,2014-02-02,2014,2,32,0.6495542171126262,0.46057353749109764,57.31292178981752
ABERPORTH_UK,2014-02-18,2014,2,48,0.6081613664908315,0.3725388721426777,50.22655405140702
ABERPORTH_UK,2014-03-06,2014,3,64,0.6311092788370778,0.4075983858787994,57.90372968844172
ABERPORTH_UK,2014-03-22,2014,3,80,0.7203054098721903,0.475798281181137,64.84608290692307
ABERPORTH_UK,2014-04-07,2014,4,96,0.7462257903954281,0.5181954558023782,75.65383548094944
ABERPORTH_UK,2014-04-23,2014,4,112,0.7443480758379418,0.5887551856449613,70.03470986365606
ABERPORTH_UK,2014-05-09,2014,5,128,0.7099367283367942,0.5308644138191428,69.92460790593807
ABERPORTH_UK,2014-05-25,2014,5,144,0.7572601581508517,0.5877356751824818,74.16360725854777
ABERPORTH_UK,2014-06-10,2014,6,160,0.737349115001451,0.5676011606538348,72.08798187361687
ABERPORTH_UK,2014-06-26,2014,6,176,0.7239878232292658,0.4708562483784485,73.79687420039608
ABERPORTH_UK,2014-07-12,2014,7,192,0.7206399188219748,0.4906549933924861,68.9381285648905
ABERPORTH_UK,2014-07-28,2014,7,208,0.6894542895831319,0.5001147886642809,63.86185889447321
ABERPORTH_UK,2014-08-13,2014,8,224,0.7788747915971992,0.6108908636212071,70.53186278525831
ABERPORTH_UK,2014-08-29,2014,8,240,0.6989368396092193,0.535740349046761,67.21490786107161
ABERPORTH_UK,2014-09-14,2014,9,256,0.7172978914788664,0.4945038688461168,67.8262384767569
ABERPORTH_UK,2014-09-30,2014,9,272,0.6970651803849504,0.4327404874746107,64.77981148845016
ABERPORTH_UK,2014-10-16,2014,10,288,0.5662593882068826,0.24439478768363862,42.136635486992596
ABERPORTH_UK,2014-11-01,2014,11,304,0.7198584069989976,0.517734566663629,70.51206449697071
ABERPORTH_UK,2014-11-17,2014,11,320,0.7593423874605755,0.492501376278314,74.96631939488077
ABERPORTH_UK,2014-12-03,2014,12,336,0.6909123310057942,0.4509549992571683,59.78163865123782
ABERPORTH_UK,2014-12-19,2014,12,352,0.676991534733441,0.45458548196015086,57.33069935395439
ABERPORTH_UK,2015-01-01,2015,1,0,0.6583428268727407,0.4448370933565999,55.459226472726435
ABERPORTH_UK,2015-01-17,2015,1,16,0.6256984048838126,0.4283583792831824,54.714525694273156
ABERPORTH_UK,2015-02-02,2015,2,32,0.6041707098357563,0.3766152161600906,53.76537089875717
ABERPORTH_UK,2015-02-18,2015,2,48,0.5721424107985652,0.41704716820841975,49.41115576441844
ABERPORTH_UK,2015-03-06,2015,3,64,0.6364219652633566,0.4076875212384368,57.42931233385649
ABERPORTH_UK,2015-03-22,2015,3,80,0.6104541244827888,0.4234562461484284,59.74872183495347
ABERPORTH_UK,2015-04-07,2015,4,96,0.6969954408155559,0.48968448178214086,68.58679082138069
ABERPORTH_UK,2015-04-23,2015,4,112,0.7429223939837062,0.5901296010027157,71.1728171305182
ABERPORTH_UK,2015-05-09,2015,5,128,0.75731082127385,0.5481694994930407,76.30341915787957
ABERPORTH_UK,2015-05-25,2015,5,144,0.7352543572879388,0.5680849985491827,72.33531885276761
ABERPORTH_UK,2015-06-10,2015,6,160,0.7696825224876678,0.5751541445014025,77.36025462024556
ABERPORTH_UK,2015-06-26,2015,6,176,0.7141294308357347,0.532212211815562,72.77710772023167
ABERPORTH_UK,2015-07-12,2015,7,192,0.6919785603581883,0.5064430428792833,69.58734615873449
ABERPORTH_UK,2015-07-28,2015,7,208,0.7195966301680193,0.5246994053237681,70.64734626110207
ABERPORTH_UK,2015-08-13,2015,8,224,0.7301133728468234,0.5362165123170959,72.0173497729388
ABERPORTH_UK,2015-08-29,2015,8,240,0.7492653671889749,0.5546727109684728,72.05310421785805
ABERPORTH_UK,2015-09-14,2015,9,256,0.7557693796663287,0.525988339939165,74.7369186660289
ABERPORTH_UK,2015-09-30,2015,9,272,0.7384327827071925,0.5162492354162734,71.80427209753277
ABERPORTH_UK,2015-10-16,2015,10,288,0.7412800191479177,0.4882394255624701,73.76310942018964
ABERPORTH_UK,2015-11-01,2015,11,304,0.7408556447098341,0.4985616066430303,72.97298774226947
ABERPORTH_UK,2015-11-17,2015,11,320,0.5142156267255661,0.25771783545002763,52.122811426940785
ABERPORTH_UK,2015-12-03,2015,12,336,0.7652074962518741,0.4811197401299351,70.13622614711298
ABERPORTH_UK,2015-12-19,2015,12,352,0.6695756746900073,0.45769420131291033,49.152884924397455
ABERPORTH_UK,2016-01-01,2016,1,0,0.5283500000000001,0.27015,23.686567518118355
ABERPORTH_UK,2016-01-17,2016,1,16,0.674079658060014,0.39577668353105394,65.53977895121061
ABERPORTH_UK,2016-02-02,2016,2,32,0.6411342324474414,0.36036428996429987,57.139396319903945
ABERPORTH_UK,2016-02-18,2016,2,48,0.6631330483987482,0.42894160847580065,54.46328962806605
ABERPORTH_UK,2016-03-05,2016,3,64,0.6280889351001063,0.3963631298965084,55.59706842869231
ABERPORTH_UK,2016-03-21,2016,3,80,0.6650421181219461,0.45087036328871893,58.04710590197129
ABERPORTH_UK,2016-04-06,2016,4,96,0.7023629265471372,0.4434588008482746,66.01568010744275
ABERPORTH_UK,2016-04-22,2016,4,112,0.687849396613833,0.5159343029538904,66.62808397753071
ABERPORTH_UK,2016-05-08,2016,5,128,0.7687832519126184,0.5483971702461057,75.55945131474449
ABERPORTH_UK,2016-05-24,2016,5,144,0.7421374320213845,0.590722011245276,74.6942501412934
ABERPORTH_UK,2016-06-09,2016,6,160,0.8076216268497921,0.6145352645323531,82.76264116331053
ABERPORTH_UK,2016-06-25,2016,6,176,0.7878526868835838,0.6244025716655913,79.85040756615493
ABERPORTH_UK,2016-07-11,2016,7,192,0.7505087785538984,0.5794138380215215,73.67458520387943
ABERPORTH_UK,2016-07-27,2016,7,208,0.7377551574496496,0.5749511850450653,68.56103017657581
ABERPORTH_UK,2016-08-12,2016,8,224,0.7300062676986975,0.4918782707192751,71.17964519371789
ABERPORTH_UK,2016-08-28,2016,8,240,0.7032647938377887,0.4953244902582693,71.43501070058399
ABERPORTH_UK,2016-09-13,2016,9,256,0.7650076755255847,0.53069392106307,75.32687093310088
ABERPORTH_UK,2016-09-29,2016,9,272,0.7169881574207492,0.489784951368876,72.20709112093519
ABERPORTH_UK,2016-10-15,2016,10,288,0.7470766515136857,0.5013407486217235,72.94529557960861
ABERPORTH_UK,2016-10-31,2016,10,304,0.7481236737400531,0.5827631299734749,69.14794433372384
ABERPORTH_UK,2016-11-16,2016,11,320,0.7009786693979339,0.41103241895261855,69.3620525038828
ABERPORTH_UK,2016-12-02,2016,12,336,0.6917454176280571,0.39272367328103375,64.66918522403563
ABERPORTH_UK,2016-12-18,2016,12,352,0.696247949604743,0.5136556818181818,58.32110428716715
ABERPORTH_UK,2017-01-01,2017,1,0,0.6555057206150637,0.4555939536095909,55.899728987396095
ABERPORTH_UK,2017-01-17,2017,1,16,0.6771044837327987,0.3984760047389047,64.19667455348217
ABERPORTH_UK,2017-02-02,2017,2,32,0.6862195442059214,0.45240163800997046,61.090355766726795
ABERPORTH_UK,2017-02-18,2017,2,48,0.6366786602773247,0.4355726243882546,56.04816794854373
ABERPORTH_UK,2017-03-06,2017,3,64,0.7060600852836176,0.4928481257437525,66.78700656092312
ABERPORTH_UK,2017-03-22,2017,3,80,0.7528781893800172,0.4982467066447431,74.70802216806457
ABERPORTH_UK,2017-04-07,2017,4,96,0.7581736643383047,0.5270567585425711,76.61342153622712
ABERPORTH_UK,2017-04-23,2017,4,112,0.7221279309042855,0.5379508684160846,69.99836138918259
ABERPORTH_UK,2017-05-09,2017,5,128,0.6929976924401584,0.4737878594799379,69.37130316505903
ABERPORTH_UK,2017-05-25,2017,5,144,0.7534838376173765,0.5549483448733759,75.86043740516214
ABERPORTH_UK,2017-06-10,2017,6,160,0.7974365084954662,0.5191028523637644,81.31749450823486
ABERPORTH_UK,2017-06-26,2017,6,176,0.7591506528677822,0.5460963149240738,73.89978696432091
ABERPORTH_UK,2017-07-12,2017,7,192,0.7602739422988296,0.5161292377177622,76.15479638442146
ABERPORTH_UK,2017-07-28,2017,7,208,0.5707876563130294,0.4218421944332392,55.12723309246334
ABERPORTH_UK,2017-08-13,2017,8,224,0.738370393655092,0.5501280007737692,71.60913677112504
ABERPORTH_UK,2017-08-29,2017,8,240,0.7399022333637192,0.4691195761166819,73.20009868554105
ABERPORTH_UK,2017-09-14,2017,9,256,0.7004614769699276,0.5216052531404644,66.11535811951637
ABERPORTH_UK,2017-09-30,2017,9,272,0.6352993522117343,0.44352809550249866,53.963447135337965
ABERPORTH_UK,2017-10-16,2017,10,288,0.7585316168898044,0.4497473944387232,74.9489106472083
ABERPORTH_UK,2017-11-01,2017,11,304,0.7391892119593134,0.4228724648104386,69.87706391031008
ABERPORTH_UK,2017-11-17,2017,11,320,0.7438793286031983,0.48364327014719904,71.2668115117492
ABERPORTH_UK,2017-12-03,2017,12,336,0.6646591813530415,0.46081503695281417,54.61792792378645
ABERPORTH_UK,2017-12-19,2017,12,352,0.7007408346539883,0.5118433174854728,51.85206038420089
ABERPORTH_UK,2018-01-01,2018,1,0,0.6594079558917344,0.4200442905313042,63.150340609416446
ABERPORTH_UK,2018-01-17,2018,1,16,0.681650715125392,0.4169177409874608,61.78319844082315
ABERPORTH_UK,2018-02-02,2018,2,32,0.6347408344345857,0.392582650556919,58.821762168298456
ABERPORTH_UK,2018-02-18,2018,2,48,0.6487222106852937,0.3711084576175193,58.40905851211304
ABERPORTH_UK,2018-03-06,2018,3,64,0.6379250595001982,0.38568036493454977,55.026852257788754
ABERPORTH_UK,2018-03-22,2018,3,80,0.6533438119793733,0.41524966283220943,57.62898025839486
ABERPORTH_UK,2018-04-07,2018,4,96,0.6751799797216335,0.4582507143515532,64.47798507848744
ABERPORTH_UK,2018-04-23,2018,4,112,0.7382449216537663,0.5207047479705492,73.42164084482303
ABERPORTH_UK,2018-05-09,2018,5,128,0.7448132811025109,0.5320285161412119,74.51181989670523
ABERPORTH_UK,2018-05-25,2018,5,144,0.7561028368155622,0.5444776206772336,76.37695784622736
ABERPORTH_UK,2018-06-10,2018,6,160,0.680530161105731,0.5018101681486045,66.29107609204378
ABERPORTH_UK,2018-06-26,2018,6,176,0.6560296452557255,0.44060021525744775,61.815704447228235
ABERPORTH_UK,2018-07-12,2018,7,192,0.6229415365336419,0.3583447754000385,52.314840582548904
ABERPORTH_UK,2018-07-28,2018,7,208,0.6291771563981041,0.3820295463777929,55.614900400118664
ABERPORTH_UK,2018-08-13,2018,8,224,0.7939459040057739,0.5367312281968002,77.25711747342471
ABERPORTH_UK,2018-08-29,2018,8,240,0.7303195154899134,0.5292596992074928,73.03898257383776
ABERPORTH_UK,2018-09-14,2018,9,256,0.7283701539312379,0.49436408885611577,72.37347824668745
ABERPORTH_UK,2018-09-30,2018,9,272,0.7282167082064062,0.46988333794886,70.71862552165335
ABERPORTH_UK,2018-10-16,2018,10,288,0.7380150244262145,0.4718690570559499,73.20453601439247
ABERPORTH_UK,2018-11-01,2018,11,304,0.687654306023877,0.48598570126674573,66.98059397752353
ABERPORTH_UK,2018-11-17,2018,11,320,0.682972994856163,0.45068300628691166,66.33820002416904
ABERPORTH_UK,2018-12-03,2018,12,336,0.6108285377975415,0.3690800418519486,49.04455403029954
ABERPORTH_UK,2018-12-19,2018,12,352,,,
ABERPORTH_UK,2019-01-01,2019,1,0,0.7150825304184389,0.3957969433178356,70.80789521505373
ABERPORTH_UK,2019-01-17,2019,1,16,0.7008696930782072,0.346684165917555,63.25681267054424
ABERPORTH_UK,2019-02-02,2019,2,32,0.6220843625957722,0.4101928551647743,57.608158565452065
ABERPORTH_UK,2019-02-18,2019,2,48,0.7286809237969274,0.4877019228812699,68.4262181284562
ABERPORTH_UK,2019-03-06,2019,3,64,0.652860794568309,0.46988883383796687,62.93494699521262
ABERPORTH_UK,2019-03-22,2019,3,80,0.6702188998461956,0.44508770469555764,67.0744013265885
ABERPORTH_UK,2019-04-07,2019,4,96,0.6865644387147958,0.5386481356604521,63.27622347125466
ABERPORTH_UK,2019-04-23,2019,4,112,0.7940683308961771,0.6003823375809484,78.54953805225361
ABERPORTH_UK,2019-05-09,2019,5,128,0.7220147789921656,0.53637015185221,70.99571963219721
ABERPORTH_UK,2019-05-25,2019,5,144,0.7223967169476485,0.5857048092280391,71.63779578797235
ABERPORTH_UK,2019-06-10,2019,6,160,0.7750245961891865,0.6137145565335138,76.92697106779977
ABERPORTH_UK,2019-06-26,2019,6,176,0.7466456673588822,0.5445635548423636,71.94520998657175
ABERPORTH_UK,2019-07-12,2019,7,192,0.7465362301873198,0.5234806286023056,73.38890016808507
ABERPORTH_UK,2019-07-28,2019,7,208,0.676954680830883,0.4676950488475768,62.89462935622902
ABERPORTH_UK,2019-08-13,2019,8,224,0.683378640153945,0.5442911161000643,62.823467288056996
ABERPORTH_UK,2019-08-29,2019,8,240,0.7378143453047106,0.5082624783803031,70.51944200122904
ABERPORTH_UK,2019-09-14,2019,9,256,0.7190137440758293,0.48334109681787396,68.3833575483374
ABERPORTH_UK,2019-09-30,2019,9,272,0.7274598755980861,0.5248369377990431,71.15940644143981
ABERPORTH_UK,2019-10-16,2019,10,288,0.7298678108808293,0.5222976144214162,71.59542047749335
ABERPORTH_UK,2019-11-01,2019,11,304,0.7116704345214258,0.501767320784942,66.83079188036045
ABERPORTH_UK,2019-11-17,2019,11,320,0.7085772149479117,0.4285266845073114,67.83442848410158
ABERPORTH_UK,2019-12-03,2019,12,336,0.6403217568192324,0.41315399907535827,57.66585150106034
ABERPORTH_UK,2019-12-19,2019,12,352,0.4361955174686882,0.19749288068556362,21.65769557403775
ABERPORTH_UK,2020-01-01,2020,1,0,0.7530159339158929,0.5272146777717097,71.80055989871178
ABERPORTH_UK,2020-01-17,2020,1,16,0.7250486762878717,0.4760015100831503,71.18286555892604
ABERPORTH_UK,2020-02-02,2020,2,32,0.7077389882967405,0.44264162878421515,67.85664880772312
ABERPORTH_UK,2020-02-18,2020,2,48,0.6362675227757317,0.4487040802481102,59.07035061221326
ABERPORTH_UK,2020-03-05,2020,3,64,0.6929774563591024,0.47529594014962595,65.00187403681477
ABERPORTH_UK,2020-03-21,2020,3,80,0.6693407494808382,0.4559995374740419,63.74192042095634
ABERPORTH_UK,2020-04-06,2020,4,96,0.6236629412777682,0.4626113655932494,61.24057940865803
ABERPORTH_UK,2020-04-22,2020,4,112,0.7500589424572317,0.5547280326594091,73.8790829607294
ABERPORTH_UK,2020-05-08,2020,5,128,0.7361525486023791,0.5407307573266273,71.65927433504922
ABERPORTH_UK,2020-05-24,2020,5,144,0.6190409530832336,0.4484265923126554,56.15818986918675
ABERPORTH_UK,2020-06-09,2020,6,160,0.6779387181970243,0.47732890219209434,65.830081171709
ABERPORTH_UK,2020-06-25,2020,6,176,0.7703080122710458,0.49815415501218074,79.0761873655681
ABERPORTH_UK,2020-07-11,2020,7,192,0.7928253152017294,0.5621437860230546,82.3379744276076
ABERPORTH_UK,2020-07-27,2020,7,208,0.7250304910799924,0.5357779589487817,73.84380657809838
ABERPORTH_UK,2020-08-12,2020,8,224,0.767323558783477,0.5687493418066273,78.13754674053169
ABERPORTH_UK,2020-08-28,2020,8,240,0.7104005763688762,0.4957013418587896,72.45932345199023
ABERPORTH_UK,2020-09-13,2020,9,256,0.7117232279472764,0.48547773066642097,70.7053494320496
ABERPORTH_UK,2020-09-29,2020,9,272,0.739118931363101,0.44470381197130315,71.70499713578731
ABERPORTH_UK,2020-10-15,2020,10,288,0.7823766502562042,0.5469152516829097,76.48277850760236
ABERPORTH_UK,2020-10-31,2020,10,304,0.7491867778559229,0.4874670652064703,71.30286457850427
ABERPORTH_UK,2020-11-16,2020,11,320,0.7154969729623827,0.4442489322100314,68.5368442383826
ABERPORTH_UK,2020-12-02,2020,12,336,0.7280834056299033,0.4368251868943241,71.04751822369121
ABERPORTH_UK,2020-12-18,2020,12,352,0.5841086015001209,0.2716158843455117,49.461566239512415
ABERPORTH_UK,2021-01-01,2021,1,0,0.672528275862069,0.3398190476190477,60.77724927409863
ABERPORTH_UK,2021-01-17,2021,1,16,0.7158530869427091,0.4262336969183523,64.98943730067938
ABERPORTH_UK,2021-02-02,2021,2,32,0.6338018172575931,0.32272863133816254,55.46728767454844
ABERPORTH_UK,2021-02-18,2021,2,48,0.6744019127072948,0.447308017092278,61.143560753604085
ABERPORTH_UK,2021-03-06,2021,3,64,0.6362375224926603,0.41016573539160917,58.476873374238004
ABERPORTH_UK,2021-03-22,2021,3,80,0.6826889834606829,0.44649306509333586,64.03690756242834
ABERPORTH_UK,2021-04-07,2021,4,96,0.686733672550432,0.47884002161383266,66.64410512530566
ABERPORTH_UK,2021-04-23,2021,4,112,0.6871797869530767,0.4889766968923319,67.19793101061117
ABERPORTH_UK,2021-05-09,2021,5,128,0.7195659996224277,0.5423804511987917,70.63510280876528
ABERPORTH_UK,2021-05-25,2021,5,144,0.7245512377294069,0.595335008536065,70.34085372687974
ABERPORTH_UK,2021-06-10,2021,6,160,0.7019009771986967,0.5297280482436835,70.3047416838008
ABERPORTH_UK,2021-06-26,2021,6,176,0.7107098895913937,0.5466250070774749,69.31587166413196
ABERPORTH_UK,2021-07-12,2021,7,192,0.7120360513173758,0.42189916480110207,71.15075981473643
ABERPORTH_UK,2021-07-28,2021,7,208,0.6533298972417522,0.40850796106003245,61.27975555732913
ABERPORTH_UK,2021-08-13,2021,8,224,0.6911173777609968,0.4531361902963943,65.82507552625316
ABERPORTH_UK,2021-08-29,2021,8,240,0.730702314481268,0.4426598613112392,70.81061715559451
ABERPORTH_UK,2021-09-14,2021,9,256,0.7360756746300415,0.4736470354966629,72.42626304459661
ABERPORTH_UK,2021-09-30,2021,9,272,0.7662516896356428,0.49378035680573906,75.94184235232835
ABERPORTH_UK,2021-10-16,2021,10,288,0.7060664340448825,0.33990431034482754,65.63121040587441
ABERPORTH_UK,2021-11-01,2021,11,304,0.7651227224151751,0.588637429869089,73.66039206574891
ABERPORTH_UK,2021-11-17,2021,11,320,0.7671206798589343,0.52408621669279,75.19344050060093
ABERPORTH_UK,2021-12-03,2021,12,336,0.7513629890764649,0.48565475670307856,73.10499419090283
ABERPORTH_UK,2021-12-19,2021,12,352,0.6843328345261331,0.5603507482108003,57.56993619630142
ABERPORTH_UK,2022-01-01,2022,1,0,0.7036790314478049,0.42951972269667466,66.72276752535493
ABERPORTH_UK,2022-01-17,2022,1,16,0.7244021739130435,0.4383341574920695,70.24339945717361
ABERPORTH_UK,2022-02-02,2022,2,32,0.602581260961876,0.37879690759715695,53.4093956086904
ABERPORTH_UK,2022-02-18,2022,2,48,0.6638452201507339,0.45839422848076156,60.716383198833384
ABERPORTH_UK,2022-03-06,2022,3,64,0.6766088499854919,0.48479490279524146,63.50141818075357
ABERPORTH_UK,2022-03-22,2022,3,80,0.6355627799797218,0.44571143884228964,59.33652063414922
ABERPORTH_UK,2022-04-07,2022,4,96,0.6724138569001322,0.5495181612233339,64.27283861640471
ABERPORTH_UK,2022-04-23,2022,4,112,0.7280377005852369,0.5273602416462148,69.87284048606749
ABERPORTH_UK,2022-05-09,2022,5,128,0.7062566462536023,0.5652197856628243,68.9455131291331
ABERPORTH_UK,2022-05-25,2022,5,144,0.713635793845573,0.5243039173116858,69.83408861687333
ABERPORTH_UK,2022-06-10,2022,6,160,0.7092585293572884,0.5097415262085573,68.17222837188676
ABERPORTH_UK,2022-06-26,2022,6,176,0.6414532897231701,0.4604477057262039,58.27163589244278
ABERPORTH_UK,2022-07-12,2022,7,192,0.5971109684727204,0.40826795355861817,49.605579766738714
ABERPORTH_UK,2022-07-28,2022,7,208,0.6070503272190986,0.36480231357728815,53.41294791484445
ABERPORTH_UK,2022-08-13,2022,8,224,0.5478428001898433,0.35932792596108215,42.77378452716909
ABERPORTH_UK,2022-08-29,2022,8,240,0.5387902961942481,0.28308343378680884,45.37260136484404
ABERPORTH_UK,2022-09-14,2022,9,256,0.7232342392881324,0.5121898152625977,68.96613820205663
ABERPORTH_UK,2022-09-30,2022,9,272,0.6719394317827039,0.4247879904256428,67.03626512551932
ABERPORTH_UK,2022-10-16,2022,10,288,0.641492634592095,0.28395876912914236,60.49536234479058
ABERPORTH_UK,2022-11-01,2022,11,304,0.7382418641537604,0.5220755924612802,73.49539670177725
ABERPORTH_UK,2022-11-17,2022,11,320,0.7019111863199146,0.4951660491628072,69.64895711857406
ABERPORTH_UK,2022-12-03,2022,12,336,0.7123930674779965,0.45998643920460736,72.77652924780492
ABERPORTH_UK,2022-12-19,2022,12,352,0.6561588023803621,0.47745231837341934,52.69869393881585
ABERPORTH_UK,2023-01-01,2023,1,0,0.8468909219858156,0.6829401418439717,86.13830509558639
ABERPORTH_UK,2023-01-17,2023,1,16,0.7098049471003135,0.42880354623824446,66.18675974111946
ABERPORTH_UK,2023-02-02,2023,2,32,0.6456168883747834,0.4204755542702911,58.71750772617695
ABERPORTH_UK,2023-02-18,2023,2,48,0.6509902135738016,0.48710028476506884,61.66080260642403
ABERPORTH_UK,2023-03-06,2023,3,64,0.6912870921255792,0.5474841482243954,64.45991663563929
ABERPORTH_UK,2023-03-22,2023,3,80,0.7169224199632459,0.48565104942450926,69.83033046193593
ABERPORTH_UK,2023-04-07,2023,4,96,0.6859268359448746,0.5032667075703229,68.09030256904686
ABERPORTH_UK,2023-04-23,2023,4,112,0.6768532805235059,0.5352825038746339,67.93831753596884
ABERPORTH_UK,2023-05-09,2023,5,128,0.7289291662998504,0.5036429351175279,73.13210784263515
ABERPORTH_UK,2023-05-25,2023,5,144,0.6608943560670166,0.47830272465730234,64.72621466789667
ABERPORTH_UK,2023-06-10,2023,6,160,0.652658535954475,0.4223283238489393,60.117671455960554
ABERPORTH_UK,2023-06-26,2023,6,176,0.7349322781695917,0.5079851566344104,65.02708056508412
ABERPORTH_UK,2023-07-12,2023,7,192,0.6224291648123423,0.42653411956682985,56.405303388322984
ABERPORTH_UK,2023-07-28,2023,7,208,0.6879152760528399,0.4859161454217005,62.457118837168416
ABERPORTH_UK,2023-08-13,2023,8,224,0.551828977458347,0.36967438745507997,55.223236958867716
ABERPORTH_UK,2023-08-29,2023,8,240,0.7626691492303438,0.5034614803207669,75.74013509300329
ABERPORTH_UK,2023-09-14,2023,9,256,0.7149523272803172,0.4920027551659362,68.41658903868952
ABERPORTH_UK,2023-09-30,2023,9,272,0.7453797810081177,0.48665208608646393,73.25349182281447
ABERPORTH_UK,2023-10-16,2023,10,288,0.6669906278317153,0.3997926084142394,65.73735364620826
ABERPORTH_UK,2023-11-01,2023,11,304,0.6971858569624614,0.3997968201125015,62.836118916823445
ABERPORTH_UK,2023-11-17,2023,11,320,0.6362355332940484,0.4272019740718917,59.26998375083496
ABERPORTH_UK,2023-12-03,2023,12,336,0.46640000000000004,0.27040000000000003,21.840495678004558
ABERPORTH_UK,2023-12-19,2023,12,352,,,
ABERPORTH_UK,2024-01-01,2024,1,0,0.6527951783023608,0.4044008538422904,59.471870600285044
ABERPORTH_UK,2024-01-17,2024,1,16,0.6664230505485894,0.395024519984326,60.58772105793652
ABERPORTH_UK,2024-02-02,2024,2,32,0.6618402963941855,0.39983650179346797,62.74322141517426
ABERPORTH_UK,2024-02-18,2024,2,48,0.6799225283630467,0.37353138168557526,65.23668409096507
ABERPORTH_UK,2024-03-05,2024,3,64,0.6949362752501416,0.4910967717575985,67.39993884095254
ABERPORTH_UK,2024-03-21,2024,3,80,0.7310598413773093,0.48248970886932957,71.18304763309169
ABERPORTH_UK,2024-04-06,2024,4,96,0.7235377442273536,0.47896352871521614,69.97867663075252
ABERPORTH_UK,2024-04-22,2024,4,112,0.7318388752627891,0.5458818500350385,73.76778552576417
ABERPORTH_UK,2024-05-08,2024,5,128,0.7318472676274301,0.5934780249540574,69.521011256725
ABERPORTH_UK,2024-05-24,2024,5,144,0.723293686054014,0.5599485759056134,69.70941589663657
ABERPORTH_UK,2024-06-09,2024,6,160,0.7396308374680497,0.5677940610434521,70.48057470819582
ABERPORTH_UK,2024-06-25,2024,6,176,0.7191837012048193,0.49946642891566273,73.54501209589789
ABERPORTH_UK,2024-07-11,2024,7,192,0.7434315167351,0.6106628717183026,68.56709507585524
ABERPORTH_UK,2024-07-27,2024,7,208,0.7654193474052909,0.5359555719421145,75.81816073179944
ABERPORTH_UK,2024-08-12,2024,8,224,0.6796070515129685,0.531211518371758,65.93985647242674
ABERPORTH_UK,2024-08-28,2024,8,240,0.7063298211508554,0.592436566874028,66.61598776349852
ABERPORTH_UK,2024-09-13,2024,9,256,0.6961131082234657,0.48431990894432325,66.54921290021836
ABERPORTH_UK,2024-09-29,2024,9,272,0.7376710388054197,0.4689551940270993,73.2417778665983
ABERPORTH_UK,2024-10-15,2024,10,288,0.6935174236414119,0.44052344307814356,63.81359685202509
ABERPORTH_UK,2024-10-31,2024,10,304,0.7984065020862309,0.5171750347705145,75.88295310448125
ABERPORTH_UK,2024-11-16,2024,11,320,0.7836488048589341,0.4844537519592477,78.32914371775524
ABERPORTH_UK,2024-12-02,2024,12,336,0.27941773835920175,0.2671170731707317,14.927245440031161
ABERPORTH_UK,2024-12-18,2024,12,352,0.4460156992084432,0.33726883245382583,27.050670887542516
